ID;Semester;HZBNote;Art
1760;4031;2;allgemeine Hochschulreife
1334;4031;3;allgemeine Hochschulreife
1237;4031;3;allgemeine Hochschulreife
1883;4031;4;allgemeine Hochschulreife
2521;4031;4;allgemeine Hochschulreife
378;4031;;allgemeine Hochschulreife
284;4031;3;allgemeine Hochschulreife
754;4011;2;allgemeine Hochschulreife
2557;4011;;allgemeine Hochschulreife
2417;4012;3;allgemeine Hochschulreife
151;4012;;allgemeine Hochschulreife
1747;4012;3;allgemeine Hochschulreife
1338;4012;2;allgemeine Hochschulreife
608;4012;3;allgemeine Hochschulreife
515;4012;3;allgemeine Hochschulreife
795;4012;;allgemeine Hochschulreife
1857;4012;3;allgemeine Hochschulreife
2691;4012;3;allgemeine Hochschulreife
648;4012;3;allgemeine Hochschulreife
1490;4012;4;allgemeine Hochschulreife
1649;4011;2;allgemeine Hochschulreife
599;4011;2;allgemeine Hochschulreife
96;4011;2;allgemeine Hochschulreife
831;4011;2;allgemeine Hochschulreife
1875;4011;;allgemeine Hochschulreife
1717;4011;4;allgemeine Hochschulreife
175;4011;3;allgemeine Hochschulreife
2504;4011;3;allgemeine Hochschulreife
2152;4011;2;allgemeine Hochschulreife
659;4031;2;allgemeine Hochschulreife
1339;4031;4;Fachhochschulreife
452;4031;3;allgemeine Hochschulreife
536;4031;3;allgemeine Hochschulreife
917;4031;3;allgemeine Hochschulreife
525;4011;2;allgemeine Hochschulreife
234;4012;3;allgemeine Hochschulreife
1605;4012;3;allgemeine Hochschulreife
2040;4012;3;allgemeine Hochschulreife
2455;4012;3;allgemeine Hochschulreife
925;4012;3;allgemeine Hochschulreife
2571;4012;3;allgemeine Hochschulreife
2496;4012;2;allgemeine Hochschulreife
2043;4012;3;allgemeine Hochschulreife
1297;4011;2;allgemeine Hochschulreife
2255;4021;3;allgemeine Hochschulreife
1618;4011;2;allgemeine Hochschulreife
863;4011;3;allgemeine Hochschulreife
1865;4011;2;allgemeine Hochschulreife
449;4011;3;allgemeine Hochschulreife
1982;4013;;allgemeine Hochschulreife
2073;4016;3;allgemeine Hochschulreife
181;4015;3;allgemeine Hochschulreife
365;4031;4;allgemeine Hochschulreife
246;4031;2;allgemeine Hochschulreife
2323;4011;2;allgemeine Hochschulreife
170;4012;3;allgemeine Hochschulreife
1382;4012;2;allgemeine Hochschulreife
2158;4012;2;allgemeine Hochschulreife
2405;4012;2;allgemeine Hochschulreife
1844;4012;2;allgemeine Hochschulreife
607;4011;3;allgemeine Hochschulreife
2172;4011;3;allgemeine Hochschulreife
2530;4011;2;allgemeine Hochschulreife
287;4011;4;allgemeine Hochschulreife
2676;4011;2;allgemeine Hochschulreife
416;4011;3;allgemeine Hochschulreife
1542;4011;2;allgemeine Hochschulreife
1687;4011;2;allgemeine Hochschulreife
2288;4013;3;allgemeine Hochschulreife
2456;4016;3;allgemeine Hochschulreife
1359;4017;4;allgemeine Hochschulreife
1341;4017;3;allgemeine Hochschulreife
1392;4017;3;allgemeine Hochschulreife
337;4017;3;allgemeine Hochschulreife
869;4017;3;allgemeine Hochschulreife
1483;4017;2;allgemeine Hochschulreife
2089;4017;2;allgemeine Hochschulreife
1426;4017;3;allgemeine Hochschulreife
325;4017;2;allgemeine Hochschulreife
1333;4017;3;allgemeine Hochschulreife
1044;4017;1;allgemeine Hochschulreife
2074;4018;3;allgemeine Hochschulreife
2069;4018;3;allgemeine Hochschulreife
1710;4018;3;allgemeine Hochschulreife
1829;4018;;allgemeine Hochschulreife
1326;4018;3;allgemeine Hochschulreife
1912;4018;3;allgemeine Hochschulreife
1184;4019;3;allgemeine Hochschulreife
1820;4019;3;allgemeine Hochschulreife
1236;4019;2;allgemeine Hochschulreife
298;4019;3;allgemeine Hochschulreife
376;4019;2;allgemeine Hochschulreife
2499;4017;3;allgemeine Hochschulreife
1892;4017;3;allgemeine Hochschulreife
680;4017;3;allgemeine Hochschulreife
1644;4017;3;allgemeine Hochschulreife
301;4017;2;allgemeine Hochschulreife
1517;4017;3;allgemeine Hochschulreife
826;4017;2;allgemeine Hochschulreife
1013;4017;3;allgemeine Hochschulreife
2448;4017;2;allgemeine Hochschulreife
1981;4018;3;allgemeine Hochschulreife
2428;4018;3;allgemeine Hochschulreife
631;4018;4;allgemeine Hochschulreife
1742;4018;;allgemeine Hochschulreife
1757;4018;2;allgemeine Hochschulreife
2629;4019;2;allgemeine Hochschulreife
950;4019;2;allgemeine Hochschulreife
806;4019;3;allgemeine Hochschulreife
1876;4026;2;allgemeine Hochschulreife
1694;4019;2;allgemeine Hochschulreife
72;4019;2;allgemeine Hochschulreife
760;4018;4;allgemeine Hochschulreife
2699;4017;2;allgemeine Hochschulreife
478;4017;3;allgemeine Hochschulreife
2099;4017;3;allgemeine Hochschulreife
958;4017;3;allgemeine Hochschulreife
1218;4017;2;allgemeine Hochschulreife
2450;4017;2;allgemeine Hochschulreife
1025;4017;3;allgemeine Hochschulreife
667;4017;3;allgemeine Hochschulreife
346;4017;3;allgemeine Hochschulreife
1549;4017;;allgemeine Hochschulreife
574;4018;3;allgemeine Hochschulreife
2732;4018;3;allgemeine Hochschulreife
2245;4018;2;allgemeine Hochschulreife
1682;4018;2;allgemeine Hochschulreife
226;4018;3;allgemeine Hochschulreife
50;4018;;allgemeine Hochschulreife
2050;4019;1;allgemeine Hochschulreife
1706;4019;2;allgemeine Hochschulreife
744;4019;3;allgemeine Hochschulreife
1861;4020;3;allgemeine Hochschulreife
62;4020;2;allgemeine Hochschulreife
1926;4019;2;allgemeine Hochschulreife
2420;4019;2;allgemeine Hochschulreife
2198;4020;3;allgemeine Hochschulreife
937;4020;3;allgemeine Hochschulreife
2702;4020;2;allgemeine Hochschulreife
1628;4020;3;allgemeine Hochschulreife
2170;4021;3;allgemeine Hochschulreife
1135;4021;2;allgemeine Hochschulreife
256;4022;3;allgemeine Hochschulreife
879;4022;3;allgemeine Hochschulreife
467;4023;2;allgemeine Hochschulreife
18;4023;2;allgemeine Hochschulreife
2260;4031;2;allgemeine Hochschulreife
784;4031;2;allgemeine Hochschulreife
398;4031;3;allgemeine Hochschulreife
1102;4031;3;allgemeine Hochschulreife
290;4031;2;allgemeine Hochschulreife
1590;4031;2;allgemeine Hochschulreife
533;4031;3;allgemeine Hochschulreife
2259;4031;2;allgemeine Hochschulreife
1239;4012;4;allgemeine Hochschulreife
2309;4011;2;allgemeine Hochschulreife
695;4011;2;allgemeine Hochschulreife
1514;4011;3;allgemeine Hochschulreife
25;4012;3;allgemeine Hochschulreife
854;4012;3;allgemeine Hochschulreife
1784;4012;2;allgemeine Hochschulreife
60;4012;2;allgemeine Hochschulreife
2673;4011;2;allgemeine Hochschulreife
2558;4035;3;allgemeine Hochschulreife
1096;4011;3;allgemeine Hochschulreife
33;4011;3;allgemeine Hochschulreife
191;4011;2;allgemeine Hochschulreife
380;4011;2;allgemeine Hochschulreife
657;4011;3;allgemeine Hochschulreife
1599;4011;3;allgemeine Hochschulreife
1346;4011;3;allgemeine Hochschulreife
1546;4011;3;allgemeine Hochschulreife
360;4020;3;allgemeine Hochschulreife
2606;4020;3;allgemeine Hochschulreife
1139;4020;4;allgemeine Hochschulreife
1061;4020;3;allgemeine Hochschulreife
1056;4021;3;allgemeine Hochschulreife
163;4021;2;allgemeine Hochschulreife
1909;4022;2;allgemeine Hochschulreife
600;4022;2;allgemeine Hochschulreife
1240;4022;3;allgemeine Hochschulreife
473;4022;3;allgemeine Hochschulreife
1393;4023;2;allgemeine Hochschulreife
1156;4030;3;allgemeine Hochschulreife
456;4023;2;allgemeine Hochschulreife
89;4023;2;allgemeine Hochschulreife
251;4023;2;allgemeine Hochschulreife
1744;4023;3;allgemeine Hochschulreife
1676;4023;2;allgemeine Hochschulreife
2128;4023;2;allgemeine Hochschulreife
419;4023;2;allgemeine Hochschulreife
590;4023;2;allgemeine Hochschulreife
851;4023;2;allgemeine Hochschulreife
1880;4024;3;allgemeine Hochschulreife
718;4023;2;allgemeine Hochschulreife
1902;4027;3;allgemeine Hochschulreife
93;4027;2;allgemeine Hochschulreife
914;4025;3;allgemeine Hochschulreife
2653;4025;3;allgemeine Hochschulreife
814;4025;2;allgemeine Hochschulreife
2039;4026;3;allgemeine Hochschulreife
2227;4025;2;allgemeine Hochschulreife
1113;4025;2;allgemeine Hochschulreife
2186;4027;3;allgemeine Hochschulreife
1046;4025;3;allgemeine Hochschulreife
537;4020;2;allgemeine Hochschulreife
1660;4020;0;Studiengenehmigung (ohne Hochschulreife)
492;4020;3;allgemeine Hochschulreife
989;4020;3;allgemeine Hochschulreife
71;4020;3;allgemeine Hochschulreife
172;4020;2;allgemeine Hochschulreife
2540;4020;3;allgemeine Hochschulreife
189;4021;3;allgemeine Hochschulreife
1065;4022;3;allgemeine Hochschulreife
531;4022;3;allgemeine Hochschulreife
1002;4022;3;allgemeine Hochschulreife
2376;4022;3;allgemeine Hochschulreife
2620;4028;3;allgemeine Hochschulreife
441;4023;3;allgemeine Hochschulreife
712;4023;2;allgemeine Hochschulreife
2669;4023;2;allgemeine Hochschulreife
1494;4023;1;allgemeine Hochschulreife
2019;4023;1;allgemeine Hochschulreife
58;4023;3;allgemeine Hochschulreife
1823;4023;2;allgemeine Hochschulreife
1592;4023;;allgemeine Hochschulreife
488;4023;2;allgemeine Hochschulreife
666;4023;2;allgemeine Hochschulreife
1940;4023;2;allgemeine Hochschulreife
1874;4023;2;allgemeine Hochschulreife
2608;4023;1;allgemeine Hochschulreife
1017;4023;2;allgemeine Hochschulreife
1176;4023;3;allgemeine Hochschulreife
289;4024;4;allgemeine Hochschulreife
566;4024;3;allgemeine Hochschulreife
1369;4025;2;allgemeine Hochschulreife
498;4025;2;allgemeine Hochschulreife
1144;4025;2;allgemeine Hochschulreife
1340;4025;2;allgemeine Hochschulreife
1250;4025;3;allgemeine Hochschulreife
308;4027;3;allgemeine Hochschulreife
862;4025;3;allgemeine Hochschulreife
676;4025;3;allgemeine Hochschulreife
177;4025;2;allgemeine Hochschulreife
405;4025;2;allgemeine Hochschulreife
514;4025;2;allgemeine Hochschulreife
1810;4025;3;allgemeine Hochschulreife
1733;4027;3;allgemeine Hochschulreife
1268;4028;2;allgemeine Hochschulreife
2661;4028;3;allgemeine Hochschulreife
2030;4027;2;allgemeine Hochschulreife
1600;4027;2;allgemeine Hochschulreife
1812;4029;3;allgemeine Hochschulreife
1284;4030;3;allgemeine Hochschulreife
1165;4029;2;allgemeine Hochschulreife
9;4029;3;allgemeine Hochschulreife
1976;4029;2;allgemeine Hochschulreife
2391;4029;3;allgemeine Hochschulreife
2543;4030;3;allgemeine Hochschulreife
227;4030;2;allgemeine Hochschulreife
153;4023;2;allgemeine Hochschulreife
2044;4024;3;allgemeine Hochschulreife
32;4023;2;allgemeine Hochschulreife
1734;4026;2;allgemeine Hochschulreife
1255;4024;3;allgemeine Hochschulreife
1783;4024;;allgemeine Hochschulreife
2005;4029;3;allgemeine Hochschulreife
1923;4025;3;allgemeine Hochschulreife
296;4025;3;allgemeine Hochschulreife
1787;4025;3;allgemeine Hochschulreife
486;4025;2;allgemeine Hochschulreife
1651;4025;3;allgemeine Hochschulreife
790;4025;2;allgemeine Hochschulreife
1640;4025;2;allgemeine Hochschulreife
2036;4025;2;allgemeine Hochschulreife
402;4025;4;allgemeine Hochschulreife
2353;4025;3;allgemeine Hochschulreife
2363;4025;2;allgemeine Hochschulreife
2025;4025;2;allgemeine Hochschulreife
116;4025;2;allgemeine Hochschulreife
665;4025;3;allgemeine Hochschulreife
2041;4025;2;allgemeine Hochschulreife
2484;4026;2;allgemeine Hochschulreife
603;4028;3;allgemeine Hochschulreife
2392;4027;2;allgemeine Hochschulreife
1900;4027;3;allgemeine Hochschulreife
1621;4028;2;allgemeine Hochschulreife
2252;4028;4;allgemeine Hochschulreife
1073;4028;3;allgemeine Hochschulreife
212;4028;3;allgemeine Hochschulreife
2169;4027;2;allgemeine Hochschulreife
408;4029;3;allgemeine Hochschulreife
792;4029;2;allgemeine Hochschulreife
2283;4029;2;allgemeine Hochschulreife
704;4029;2;allgemeine Hochschulreife
1608;4029;2;allgemeine Hochschulreife
572;4029;3;allgemeine Hochschulreife
303;4030;3;allgemeine Hochschulreife
2290;4029;;allgemeine Hochschulreife
1580;4030;1;Studiengenehmigung (ohne Hochschulreife)
2263;4030;2;allgemeine Hochschulreife
1630;4030;3;allgemeine Hochschulreife
500;4030;3;allgemeine Hochschulreife
1015;4030;3;allgemeine Hochschulreife
1344;4030;3;allgemeine Hochschulreife
644;4030;2;allgemeine Hochschulreife
2601;4030;3;allgemeine Hochschulreife
987;4030;3;allgemeine Hochschulreife
404;4030;3;allgemeine Hochschulreife
104;4030;3;allgemeine Hochschulreife
2615;4030;3;allgemeine Hochschulreife
2361;4030;2;allgemeine Hochschulreife
1180;4031;1;allgemeine Hochschulreife
1593;4031;3;allgemeine Hochschulreife
1584;4034;3;allgemeine Hochschulreife
154;4034;3;Fachhochschulreife
802;4034;2;allgemeine Hochschulreife
1045;4034;;allgemeine Hochschulreife
1332;4034;3;allgemeine Hochschulreife
1715;4034;3;allgemeine Hochschulreife
910;4034;4;allgemeine Hochschulreife
1219;4034;2;allgemeine Hochschulreife
2189;4034;3;allgemeine Hochschulreife
692;4034;3;allgemeine Hochschulreife
778;4034;3;allgemeine Hochschulreife
1647;4034;3;allgemeine Hochschulreife
2028;4034;2;allgemeine Hochschulreife
1287;4034;3;allgemeine Hochschulreife
1650;4034;4;allgemeine Hochschulreife
551;4031;3;allgemeine Hochschulreife
22;4031;3;allgemeine Hochschulreife
2048;4031;3;allgemeine Hochschulreife
592;4031;3;allgemeine Hochschulreife
794;4031;2;allgemeine Hochschulreife
2196;4032;2;allgemeine Hochschulreife
2251;4032;2;allgemeine Hochschulreife
387;4032;3;allgemeine Hochschulreife
1390;4030;4;allgemeine Hochschulreife
636;4030;4;allgemeine Hochschulreife
687;4030;3;allgemeine Hochschulreife
2567;4030;4;allgemeine Hochschulreife
156;4031;3;allgemeine Hochschulreife
944;4034;2;allgemeine Hochschulreife
1455;4034;3;allgemeine Hochschulreife
2682;4034;3;allgemeine Hochschulreife
938;4034;3;allgemeine Hochschulreife
1598;4034;3;allgemeine Hochschulreife
339;4034;2;allgemeine Hochschulreife
219;4034;3;allgemeine Hochschulreife
1792;4034;2;allgemeine Hochschulreife
2462;4034;3;allgemeine Hochschulreife
2657;4034;3;allgemeine Hochschulreife
2639;4031;3;allgemeine Hochschulreife
1847;4031;2;allgemeine Hochschulreife
934;4031;3;allgemeine Hochschulreife
2372;4031;3;allgemeine Hochschulreife
1970;4031;2;allgemeine Hochschulreife
2711;4031;3;allgemeine Hochschulreife
1921;4031;;allgemeine Hochschulreife
650;4032;3;allgemeine Hochschulreife
2037;4028;2;allgemeine Hochschulreife
1398;4029;3;allgemeine Hochschulreife
821;4028;4;allgemeine Hochschulreife
1283;4028;3;allgemeine Hochschulreife
373;4028;3;allgemeine Hochschulreife
2106;4028;3;allgemeine Hochschulreife
2370;4027;3;allgemeine Hochschulreife
1412;4029;3;allgemeine Hochschulreife
482;4029;;allgemeine Hochschulreife
1101;4029;3;allgemeine Hochschulreife
503;4029;;allgemeine Hochschulreife
1510;4029;2;allgemeine Hochschulreife
1904;4029;2;allgemeine Hochschulreife
2246;4029;1;allgemeine Hochschulreife
2067;4029;3;allgemeine Hochschulreife
524;4029;3;allgemeine Hochschulreife
975;4032;2;allgemeine Hochschulreife
1708;4032;3;allgemeine Hochschulreife
668;4032;2;allgemeine Hochschulreife
497;4032;3;allgemeine Hochschulreife
1889;4032;2;allgemeine Hochschulreife
1127;4032;3;allgemeine Hochschulreife
967;4032;1;allgemeine Hochschulreife
389;4035;2;allgemeine Hochschulreife
986;4036;3;Fachhochschulreife
2389;4036;2;allgemeine Hochschulreife
192;4036;3;allgemeine Hochschulreife
1103;4036;4;allgemeine Hochschulreife
1788;4036;3;Fachhochschulreife
249;4035;2;allgemeine Hochschulreife
315;4032;2;allgemeine Hochschulreife
697;4032;3;allgemeine Hochschulreife
1463;4032;3;allgemeine Hochschulreife
1289;4032;3;allgemeine Hochschulreife
2697;4032;2;allgemeine Hochschulreife
1497;4032;3;allgemeine Hochschulreife
554;4032;3;allgemeine Hochschulreife
2690;4033;2;allgemeine Hochschulreife
895;4035;2;allgemeine Hochschulreife
103;4035;1;allgemeine Hochschulreife
2236;4036;3;allgemeine Hochschulreife
936;4036;3;allgemeine Hochschulreife
2407;4036;3;allgemeine Hochschulreife
1125;4036;3;allgemeine Hochschulreife
2292;4036;3;allgemeine Hochschulreife
1646;4036;3;allgemeine Hochschulreife
2095;4035;2;allgemeine Hochschulreife
1695;4035;2;allgemeine Hochschulreife
135;4029;3;allgemeine Hochschulreife
2153;4030;3;allgemeine Hochschulreife
757;4030;3;allgemeine Hochschulreife
2744;4030;2;allgemeine Hochschulreife
1077;4030;3;allgemeine Hochschulreife
1272;4030;4;allgemeine Hochschulreife
1167;4030;2;allgemeine Hochschulreife
2613;4030;3;allgemeine Hochschulreife
2382;4030;4;allgemeine Hochschulreife
1502;4030;3;allgemeine Hochschulreife
1163;4030;2;allgemeine Hochschulreife
1718;4030;3;allgemeine Hochschulreife
2616;4030;2;allgemeine Hochschulreife
1275;4031;3;allgemeine Hochschulreife
1136;4031;2;allgemeine Hochschulreife
2501;4031;3;allgemeine Hochschulreife
900;4031;4;allgemeine Hochschulreife
820;4034;3;allgemeine Hochschulreife
661;4034;3;allgemeine Hochschulreife
2678;4034;2;allgemeine Hochschulreife
2678;4035;2;allgemeine Hochschulreife
1343;4034;2;allgemeine Hochschulreife
654;4034;3;allgemeine Hochschulreife
1451;4034;3;allgemeine Hochschulreife
2014;4034;3;allgemeine Hochschulreife
2338;4034;3;allgemeine Hochschulreife
1722;4034;3;allgemeine Hochschulreife
1351;4034;3;allgemeine Hochschulreife
1060;4034;3;allgemeine Hochschulreife
689;4034;3;Fachhochschulreife
185;4031;2;allgemeine Hochschulreife
261;4031;3;allgemeine Hochschulreife
353;4035;3;allgemeine Hochschulreife
2403;4035;2;allgemeine Hochschulreife
2679;4035;2;allgemeine Hochschulreife
1617;4035;2;allgemeine Hochschulreife
1535;4033;4;allgemeine Hochschulreife
2419;4033;2;allgemeine Hochschulreife
2267;4033;2;allgemeine Hochschulreife
762;4033;3;allgemeine Hochschulreife
2371;4033;3;allgemeine Hochschulreife
968;4033;2;allgemeine Hochschulreife
1848;4033;3;allgemeine Hochschulreife
1282;4031;3;allgemeine Hochschulreife
1097;4031;3;allgemeine Hochschulreife
1151;4031;3;allgemeine Hochschulreife
2216;4032;3;allgemeine Hochschulreife
171;4032;2;allgemeine Hochschulreife
2315;4032;3;allgemeine Hochschulreife
331;4032;3;allgemeine Hochschulreife
2650;4032;3;allgemeine Hochschulreife
1564;4032;3;allgemeine Hochschulreife
1421;4032;3;allgemeine Hochschulreife
13;4032;2;allgemeine Hochschulreife
2080;4032;2;allgemeine Hochschulreife
1501;4032;2;allgemeine Hochschulreife
874;4032;3;allgemeine Hochschulreife
710;4035;3;allgemeine Hochschulreife
1958;4035;2;allgemeine Hochschulreife
338;4036;3;Fachhochschulreife
2278;4036;1;allgemeine Hochschulreife
2230;4036;3;allgemeine Hochschulreife
610;4036;2;allgemeine Hochschulreife
496;4036;3;allgemeine Hochschulreife
1602;4036;3;allgemeine Hochschulreife
1342;4036;3;allgemeine Hochschulreife
224;4036;3;allgemeine Hochschulreife
800;4036;4;Fachhochschulreife
466;4036;3;allgemeine Hochschulreife
1449;4036;3;Fachhochschulreife
1014;4036;2;allgemeine Hochschulreife
2707;4033;2;allgemeine Hochschulreife
1960;4033;2;allgemeine Hochschulreife
2490;4033;3;allgemeine Hochschulreife
1365;4033;3;allgemeine Hochschulreife
629;4033;2;allgemeine Hochschulreife
264;4033;2;allgemeine Hochschulreife
1791;4033;2;allgemeine Hochschulreife
193;4033;1;allgemeine Hochschulreife
2560;4031;3;allgemeine Hochschulreife
1893;4031;3;allgemeine Hochschulreife
2655;4031;3;allgemeine Hochschulreife
1939;4031;3;allgemeine Hochschulreife
2002;4031;2;allgemeine Hochschulreife
2559;4031;3;allgemeine Hochschulreife
953;4031;2;allgemeine Hochschulreife
2441;4031;2;allgemeine Hochschulreife
1154;4031;2;allgemeine Hochschulreife
2147;4031;3;allgemeine Hochschulreife
544;4018;;allgemeine Hochschulreife
1434;4012;2;allgemeine Hochschulreife
957;4017;3;allgemeine Hochschulreife
1945;4011;3;allgemeine Hochschulreife
601;4011;3;allgemeine Hochschulreife
1152;4011;2;allgemeine Hochschulreife
1188;4011;3;allgemeine Hochschulreife
749;4011;2;allgemeine Hochschulreife
1132;4035;3;allgemeine Hochschulreife
929;4035;2;allgemeine Hochschulreife
1623;4035;2;allgemeine Hochschulreife
276;4013;3;allgemeine Hochschulreife
1551;4031;1;Studiengenehmigung (ohne Hochschulreife)
1479;4032;3;allgemeine Hochschulreife
906;4031;2;allgemeine Hochschulreife
474;4031;2;allgemeine Hochschulreife
2269;4013;2;allgemeine Hochschulreife
1943;4011;4;allgemeine Hochschulreife
399;4011;3;allgemeine Hochschulreife
978;4011;2;allgemeine Hochschulreife
2286;4011;2;allgemeine Hochschulreife
892;4011;2;allgemeine Hochschulreife
439;4011;2;allgemeine Hochschulreife
2358;4035;0;Studiengenehmigung (ohne Hochschulreife)
2157;4013;4;allgemeine Hochschulreife
655;4013;2;allgemeine Hochschulreife
2011;4013;3;allgemeine Hochschulreife
194;4013;;allgemeine Hochschulreife
2079;4013;2;allgemeine Hochschulreife
2686;4013;2;allgemeine Hochschulreife
1736;4013;2;allgemeine Hochschulreife
1328;4015;2;allgemeine Hochschulreife
381;4013;2;allgemeine Hochschulreife
1658;4013;2;allgemeine Hochschulreife
2460;4013;2;allgemeine Hochschulreife
575;4013;;Studiengenehmigung (ohne Hochschulreife)
6;4013;2;allgemeine Hochschulreife
1395;4013;2;allgemeine Hochschulreife
890;4013;3;allgemeine Hochschulreife
2334;4036;2;allgemeine Hochschulreife
1241;4036;3;allgemeine Hochschulreife
1556;4035;2;allgemeine Hochschulreife
1846;4033;2;allgemeine Hochschulreife
481;4033;2;allgemeine Hochschulreife
522;4034;3;allgemeine Hochschulreife
1330;4033;3;allgemeine Hochschulreife
326;4033;2;allgemeine Hochschulreife
767;4033;2;allgemeine Hochschulreife
1107;4013;2;allgemeine Hochschulreife
711;4013;2;allgemeine Hochschulreife
943;4013;2;allgemeine Hochschulreife
888;4013;2;allgemeine Hochschulreife
455;4013;3;allgemeine Hochschulreife
1702;4013;2;allgemeine Hochschulreife
2001;4013;2;allgemeine Hochschulreife
279;4014;2;allgemeine Hochschulreife
159;4013;2;allgemeine Hochschulreife
87;4013;2;allgemeine Hochschulreife
1961;4013;3;allgemeine Hochschulreife
1121;4013;2;allgemeine Hochschulreife
1192;4013;3;allgemeine Hochschulreife
2359;4013;2;allgemeine Hochschulreife
1665;4016;3;allgemeine Hochschulreife
1654;4013;4;allgemeine Hochschulreife
2713;4013;3;allgemeine Hochschulreife
1458;4013;2;allgemeine Hochschulreife
534;4014;3;allgemeine Hochschulreife
241;4014;3;allgemeine Hochschulreife
2410;4014;3;allgemeine Hochschulreife
2640;4014;3;allgemeine Hochschulreife
954;4014;4;allgemeine Hochschulreife
1450;4014;3;allgemeine Hochschulreife
2449;4014;;Fachhochschulreife
1117;4014;2;allgemeine Hochschulreife
1524;4014;3;allgemeine Hochschulreife
161;4014;2;allgemeine Hochschulreife
2276;4014;2;allgemeine Hochschulreife
1005;4014;2;allgemeine Hochschulreife
602;4014;1;allgemeine Hochschulreife
1903;4014;2;allgemeine Hochschulreife
1831;4014;2;allgemeine Hochschulreife
314;4013;3;allgemeine Hochschulreife
2275;4013;4;allgemeine Hochschulreife
585;4013;2;allgemeine Hochschulreife
2654;4013;2;allgemeine Hochschulreife
1758;4014;;Studiengenehmigung (ohne Hochschulreife)
651;4014;2;allgemeine Hochschulreife
475;4014;3;allgemeine Hochschulreife
677;4014;2;allgemeine Hochschulreife
1491;4014;3;allgemeine Hochschulreife
1998;4014;3;allgemeine Hochschulreife
688;4014;2;allgemeine Hochschulreife
2086;4014;2;allgemeine Hochschulreife
2524;4014;2;allgemeine Hochschulreife
1552;4014;3;allgemeine Hochschulreife
68;4014;2;allgemeine Hochschulreife
1488;4014;3;allgemeine Hochschulreife
1519;4016;3;allgemeine Hochschulreife
552;4016;;allgemeine Hochschulreife
2621;4016;3;allgemeine Hochschulreife
342;4016;3;allgemeine Hochschulreife
2266;4016;4;allgemeine Hochschulreife
1049;4016;3;allgemeine Hochschulreife
146;4016;3;allgemeine Hochschulreife
23;4016;3;allgemeine Hochschulreife
450;4016;3;allgemeine Hochschulreife
2527;4016;4;allgemeine Hochschulreife
1833;4016;3;allgemeine Hochschulreife
2394;4018;3;allgemeine Hochschulreife
1776;4016;3;allgemeine Hochschulreife
1878;4016;;Studiengenehmigung (ohne Hochschulreife)
1656;4033;1;allgemeine Hochschulreife
2687;4033;2;allgemeine Hochschulreife
1555;4033;2;allgemeine Hochschulreife
1183;4033;2;allgemeine Hochschulreife
1037;4033;2;allgemeine Hochschulreife
1462;4031;3;allgemeine Hochschulreife
1806;4031;3;allgemeine Hochschulreife
2324;4031;3;allgemeine Hochschulreife
1560;4031;3;allgemeine Hochschulreife
2346;4031;1;allgemeine Hochschulreife
2377;4014;3;allgemeine Hochschulreife
150;4011;2;allgemeine Hochschulreife
167;4011;;Fachhochschulreife
415;4011;3;allgemeine Hochschulreife
1575;4021;4;allgemeine Hochschulreife
413;4011;2;allgemeine Hochschulreife
1212;4011;3;allgemeine Hochschulreife
2173;4011;2;allgemeine Hochschulreife
479;4035;3;allgemeine Hochschulreife
1148;4019;2;allgemeine Hochschulreife
2240;4016;3;allgemeine Hochschulreife
1604;4016;3;allgemeine Hochschulreife
1779;4016;3;allgemeine Hochschulreife
540;4016;3;allgemeine Hochschulreife
750;4016;3;allgemeine Hochschulreife
1267;4016;3;allgemeine Hochschulreife
1423;4016;3;allgemeine Hochschulreife
1021;4016;3;allgemeine Hochschulreife
369;4016;3;allgemeine Hochschulreife
584;4016;4;allgemeine Hochschulreife
2547;4016;3;allgemeine Hochschulreife
1704;4016;3;allgemeine Hochschulreife
1504;4016;3;allgemeine Hochschulreife
542;4016;3;allgemeine Hochschulreife
1324;4016;3;allgemeine Hochschulreife
1264;4016;3;allgemeine Hochschulreife
2658;4016;3;allgemeine Hochschulreife
1946;4016;4;allgemeine Hochschulreife
1242;4016;3;allgemeine Hochschulreife
741;4016;;Fachhochschulreife
43;4026;3;allgemeine Hochschulreife
100;4017;3;allgemeine Hochschulreife
838;4017;3;allgemeine Hochschulreife
569;4017;2;allgemeine Hochschulreife
160;4018;3;allgemeine Hochschulreife
1404;4018;3;allgemeine Hochschulreife
1277;4018;3;allgemeine Hochschulreife
2664;4018;3;allgemeine Hochschulreife
448;4018;3;allgemeine Hochschulreife
117;4019;3;allgemeine Hochschulreife
1794;4019;2;allgemeine Hochschulreife
230;4019;3;allgemeine Hochschulreife
1294;4016;3;allgemeine Hochschulreife
2563;4016;4;allgemeine Hochschulreife
2584;4017;;allgemeine Hochschulreife
904;4019;2;allgemeine Hochschulreife
282;4017;3;allgemeine Hochschulreife
1189;4017;3;allgemeine Hochschulreife
830;4017;3;allgemeine Hochschulreife
211;4017;3;allgemeine Hochschulreife
2649;4017;3;allgemeine Hochschulreife
2685;4017;2;allgemeine Hochschulreife
2638;4018;3;allgemeine Hochschulreife
845;4019;2;allgemeine Hochschulreife
805;4020;2;allgemeine Hochschulreife
709;4019;3;allgemeine Hochschulreife
2648;4019;2;allgemeine Hochschulreife
210;4019;3;allgemeine Hochschulreife
266;4026;3;allgemeine Hochschulreife
1177;4020;2;allgemeine Hochschulreife
2537;4020;3;allgemeine Hochschulreife
1170;4020;2;allgemeine Hochschulreife
901;4020;3;allgemeine Hochschulreife
823;4020;3;allgemeine Hochschulreife
739;4020;2;allgemeine Hochschulreife
583;4020;3;allgemeine Hochschulreife
392;4013;2;allgemeine Hochschulreife
1767;4013;2;allgemeine Hochschulreife
558;4013;3;allgemeine Hochschulreife
1661;4014;3;allgemeine Hochschulreife
703;4013;2;allgemeine Hochschulreife
2336;4013;2;allgemeine Hochschulreife
764;4013;4;allgemeine Hochschulreife
1279;4013;2;allgemeine Hochschulreife
358;4013;2;allgemeine Hochschulreife
1667;4013;2;allgemeine Hochschulreife
2489;4013;2;allgemeine Hochschulreife
1563;4013;3;allgemeine Hochschulreife
1707;4013;2;allgemeine Hochschulreife
1215;4013;2;allgemeine Hochschulreife
451;4013;2;allgemeine Hochschulreife
1894;4013;3;allgemeine Hochschulreife
1146;4013;2;allgemeine Hochschulreife
2054;4013;2;allgemeine Hochschulreife
2008;4017;3;allgemeine Hochschulreife
1941;4017;3;allgemeine Hochschulreife
85;4017;2;allgemeine Hochschulreife
833;4017;3;allgemeine Hochschulreife
1253;4017;2;allgemeine Hochschulreife
1828;4017;3;allgemeine Hochschulreife
213;4017;3;allgemeine Hochschulreife
45;4017;3;allgemeine Hochschulreife
179;4017;3;allgemeine Hochschulreife
1554;4017;3;allgemeine Hochschulreife
1041;4017;3;allgemeine Hochschulreife
1252;4018;3;allgemeine Hochschulreife
733;4018;3;allgemeine Hochschulreife
2533;4018;3;allgemeine Hochschulreife
1724;4018;;Fachhochschulreife
985;4018;3;allgemeine Hochschulreife
743;4018;3;allgemeine Hochschulreife
480;4018;2;allgemeine Hochschulreife
2730;4018;3;allgemeine Hochschulreife
1130;4018;2;allgemeine Hochschulreife
2265;4018;3;allgemeine Hochschulreife
1299;4018;3;allgemeine Hochschulreife
1379;4019;2;allgemeine Hochschulreife
1225;4019;3;allgemeine Hochschulreife
2238;4019;1;allgemeine Hochschulreife
1145;4019;3;allgemeine Hochschulreife
768;4019;2;allgemeine Hochschulreife
1633;4019;2;allgemeine Hochschulreife
1468;4019;2;allgemeine Hochschulreife
220;4019;2;allgemeine Hochschulreife
1816;4019;2;allgemeine Hochschulreife
645;4019;3;allgemeine Hochschulreife
1323;4019;2;allgemeine Hochschulreife
506;4021;2;allgemeine Hochschulreife
766;4020;2;allgemeine Hochschulreife
2663;4020;2;allgemeine Hochschulreife
411;4020;3;allgemeine Hochschulreife
324;4020;2;allgemeine Hochschulreife
508;4021;3;allgemeine Hochschulreife
1918;4020;3;allgemeine Hochschulreife
804;4021;2;allgemeine Hochschulreife
2350;4021;2;allgemeine Hochschulreife
400;4021;2;allgemeine Hochschulreife
2602;4021;2;allgemeine Hochschulreife
2139;4021;3;allgemeine Hochschulreife
126;4028;3;allgemeine Hochschulreife
2488;4021;2;allgemeine Hochschulreife
913;4022;3;allgemeine Hochschulreife
2035;4022;3;allgemeine Hochschulreife
1951;4020;2;allgemeine Hochschulreife
796;4020;2;allgemeine Hochschulreife
2084;4020;2;allgemeine Hochschulreife
2291;4020;2;allgemeine Hochschulreife
587;4021;2;allgemeine Hochschulreife
1603;4021;3;allgemeine Hochschulreife
2618;4021;2;allgemeine Hochschulreife
143;4021;2;allgemeine Hochschulreife
1568;4021;3;allgemeine Hochschulreife
1516;4021;3;allgemeine Hochschulreife
2082;4021;3;allgemeine Hochschulreife
1129;4026;3;allgemeine Hochschulreife
341;4024;2;allgemeine Hochschulreife
423;4023;3;allgemeine Hochschulreife
1534;4023;4;allgemeine Hochschulreife
1066;4023;2;allgemeine Hochschulreife
2150;4023;3;allgemeine Hochschulreife
2218;4023;3;allgemeine Hochschulreife
1439;4023;4;allgemeine Hochschulreife
1305;4023;3;allgemeine Hochschulreife
2222;4023;3;allgemeine Hochschulreife
110;4023;3;allgemeine Hochschulreife
568;4023;3;allgemeine Hochschulreife
2438;4023;3;allgemeine Hochschulreife
476;4023;3;allgemeine Hochschulreife
2093;4023;2;allgemeine Hochschulreife
2154;4014;;allgemeine Hochschulreife
51;4014;3;allgemeine Hochschulreife
2143;4014;3;allgemeine Hochschulreife
1668;4014;2;allgemeine Hochschulreife
691;4016;3;allgemeine Hochschulreife
1879;4014;3;allgemeine Hochschulreife
561;4014;3;allgemeine Hochschulreife
1108;4014;3;allgemeine Hochschulreife
763;4014;3;allgemeine Hochschulreife
1802;4014;3;allgemeine Hochschulreife
2195;4014;3;allgemeine Hochschulreife
321;4014;2;allgemeine Hochschulreife
406;4014;2;allgemeine Hochschulreife
2536;4014;2;allgemeine Hochschulreife
613;4015;2;allgemeine Hochschulreife
444;4016;3;allgemeine Hochschulreife
149;4016;3;allgemeine Hochschulreife
53;4016;3;allgemeine Hochschulreife
1805;4016;3;allgemeine Hochschulreife
157;4016;3;allgemeine Hochschulreife
2539;4016;3;allgemeine Hochschulreife
2415;4016;3;allgemeine Hochschulreife
2700;4016;3;allgemeine Hochschulreife
1123;4016;3;allgemeine Hochschulreife
27;4016;3;allgemeine Hochschulreife
2518;4016;2;allgemeine Hochschulreife
1169;4016;2;allgemeine Hochschulreife
2565;4016;3;allgemeine Hochschulreife
1143;4016;3;allgemeine Hochschulreife
2734;4016;3;allgemeine Hochschulreife
1709;4017;2;allgemeine Hochschulreife
2727;4017;2;allgemeine Hochschulreife
1201;4017;3;allgemeine Hochschulreife
2471;4017;3;allgemeine Hochschulreife
1389;4017;2;allgemeine Hochschulreife
1720;4017;3;allgemeine Hochschulreife
887;4017;3;allgemeine Hochschulreife
1698;4018;3;allgemeine Hochschulreife
1213;4018;2;allgemeine Hochschulreife
2714;4023;3;allgemeine Hochschulreife
1481;4023;3;allgemeine Hochschulreife
1771;4023;2;allgemeine Hochschulreife
2550;4023;2;allgemeine Hochschulreife
965;4023;2;allgemeine Hochschulreife
162;4024;4;allgemeine Hochschulreife
803;4024;2;allgemeine Hochschulreife
2535;4024;3;allgemeine Hochschulreife
952;4024;3;allgemeine Hochschulreife
2247;4024;3;allgemeine Hochschulreife
1500;4024;3;allgemeine Hochschulreife
130;4024;2;allgemeine Hochschulreife
747;4025;3;allgemeine Hochschulreife
2022;4024;3;allgemeine Hochschulreife
17;4027;2;allgemeine Hochschulreife
1285;4027;3;allgemeine Hochschulreife
1209;4027;2;allgemeine Hochschulreife
253;4027;3;allgemeine Hochschulreife
2029;4027;2;allgemeine Hochschulreife
1300;4027;3;allgemeine Hochschulreife
2632;4018;3;allgemeine Hochschulreife
176;4020;4;allgemeine Hochschulreife
2248;4019;3;allgemeine Hochschulreife
420;4020;2;allgemeine Hochschulreife
2534;4020;2;allgemeine Hochschulreife
2684;4020;3;allgemeine Hochschulreife
238;4023;3;allgemeine Hochschulreife
678;4021;3;allgemeine Hochschulreife
2193;4020;2;allgemeine Hochschulreife
1022;4020;4;allgemeine Hochschulreife
2736;4020;3;allgemeine Hochschulreife
1959;4020;3;allgemeine Hochschulreife
915;4020;2;allgemeine Hochschulreife
1094;4020;3;allgemeine Hochschulreife
1578;4020;3;allgemeine Hochschulreife
2187;4020;3;allgemeine Hochschulreife
1557;4021;2;allgemeine Hochschulreife
1110;4021;3;allgemeine Hochschulreife
1669;4021;2;allgemeine Hochschulreife
1664;4021;2;allgemeine Hochschulreife
1486;4021;1;allgemeine Hochschulreife
293;4026;2;allgemeine Hochschulreife
1000;4024;3;allgemeine Hochschulreife
746;4024;3;allgemeine Hochschulreife
2297;4024;3;allgemeine Hochschulreife
563;4024;3;allgemeine Hochschulreife
2512;4024;3;allgemeine Hochschulreife
1258;4024;2;allgemeine Hochschulreife
295;4026;3;allgemeine Hochschulreife
994;4025;2;allgemeine Hochschulreife
700;4027;2;allgemeine Hochschulreife
2279;4027;3;allgemeine Hochschulreife
1193;4027;3;allgemeine Hochschulreife
717;4027;2;allgemeine Hochschulreife
2322;4024;2;allgemeine Hochschulreife
217;4027;1;allgemeine Hochschulreife
202;4027;2;allgemeine Hochschulreife
2404;4024;3;allgemeine Hochschulreife
993;4027;2;allgemeine Hochschulreife
1085;4027;2;allgemeine Hochschulreife
557;4027;2;allgemeine Hochschulreife
1082;4027;2;allgemeine Hochschulreife
1048;4027;3;allgemeine Hochschulreife
2513;4027;2;allgemeine Hochschulreife
1178;4030;3;allgemeine Hochschulreife
606;4024;2;allgemeine Hochschulreife
2551;4024;3;allgemeine Hochschulreife
1266;4024;3;allgemeine Hochschulreife
669;4024;2;allgemeine Hochschulreife
573;4027;3;allgemeine Hochschulreife
2272;4027;2;allgemeine Hochschulreife
816;4027;2;allgemeine Hochschulreife
1229;4027;;Studiengenehmigung (ohne Hochschulreife)
1270;4027;2;allgemeine Hochschulreife
2509;4027;2;allgemeine Hochschulreife
1238;4027;2;allgemeine Hochschulreife
1793;4027;3;allgemeine Hochschulreife
1454;4029;2;allgemeine Hochschulreife
120;4028;3;allgemeine Hochschulreife
1683;4028;3;allgemeine Hochschulreife
580;4028;2;allgemeine Hochschulreife
1896;4028;2;allgemeine Hochschulreife
973;4028;;allgemeine Hochschulreife
1173;4030;3;allgemeine Hochschulreife
364;4029;2;allgemeine Hochschulreife
340;4029;2;allgemeine Hochschulreife
1643;4029;2;allgemeine Hochschulreife
1222;4029;3;allgemeine Hochschulreife
166;4027;2;allgemeine Hochschulreife
1817;4027;2;allgemeine Hochschulreife
2166;4028;3;allgemeine Hochschulreife
1862;4030;3;allgemeine Hochschulreife
2321;4029;3;allgemeine Hochschulreife
1280;4029;1;allgemeine Hochschulreife
2314;4029;3;allgemeine Hochschulreife
991;4029;3;allgemeine Hochschulreife
637;4029;2;allgemeine Hochschulreife
2091;4029;2;allgemeine Hochschulreife
391;4030;3;allgemeine Hochschulreife
2328;4030;2;allgemeine Hochschulreife
248;4030;4;allgemeine Hochschulreife
2635;4030;4;allgemeine Hochschulreife
1084;4030;2;allgemeine Hochschulreife
1818;4030;3;allgemeine Hochschulreife
1566;4030;3;allgemeine Hochschulreife
1545;4030;2;allgemeine Hochschulreife
2630;4030;3;allgemeine Hochschulreife
2531;4030;2;allgemeine Hochschulreife
2108;4031;4;allgemeine Hochschulreife
996;4031;3;allgemeine Hochschulreife
2705;4031;3;allgemeine Hochschulreife
2401;4023;2;allgemeine Hochschulreife
1190;4023;2;allgemeine Hochschulreife
319;4026;2;allgemeine Hochschulreife
2465;4023;2;allgemeine Hochschulreife
2126;4023;2;allgemeine Hochschulreife
1172;4023;2;allgemeine Hochschulreife
1781;4023;2;allgemeine Hochschulreife
1208;4023;2;allgemeine Hochschulreife
2466;4023;2;allgemeine Hochschulreife
2510;4024;4;allgemeine Hochschulreife
1541;4025;3;allgemeine Hochschulreife
982;4024;2;allgemeine Hochschulreife
1368;4024;3;allgemeine Hochschulreife
560;4024;2;allgemeine Hochschulreife
2692;4025;2;allgemeine Hochschulreife
753;4025;3;allgemeine Hochschulreife
106;4025;2;allgemeine Hochschulreife
1024;4029;2;allgemeine Hochschulreife
1226;4029;3;allgemeine Hochschulreife
332;4029;3;allgemeine Hochschulreife
355;4030;3;allgemeine Hochschulreife
898;4030;3;allgemeine Hochschulreife
909;4031;2;allgemeine Hochschulreife
966;4031;2;allgemeine Hochschulreife
761;4031;2;allgemeine Hochschulreife
2135;4034;2;allgemeine Hochschulreife
616;4034;3;allgemeine Hochschulreife
1071;4034;3;allgemeine Hochschulreife
715;4034;3;allgemeine Hochschulreife
818;4031;2;allgemeine Hochschulreife
2508;4031;3;allgemeine Hochschulreife
1558;4031;2;allgemeine Hochschulreife
483;4031;2;allgemeine Hochschulreife
2362;4031;3;allgemeine Hochschulreife
1070;4034;2;allgemeine Hochschulreife
2224;4035;3;allgemeine Hochschulreife
487;4034;2;allgemeine Hochschulreife
19;4034;3;Studiengenehmigung (ohne Hochschulreife)
247;4036;3;allgemeine Hochschulreife
916;4031;3;allgemeine Hochschulreife
1637;4031;3;allgemeine Hochschulreife
907;4031;3;Fachhochschulreife
2118;4031;3;allgemeine Hochschulreife
960;4032;3;allgemeine Hochschulreife
1349;4032;2;allgemeine Hochschulreife
662;4032;4;allgemeine Hochschulreife
2689;4032;4;allgemeine Hochschulreife
1288;4032;3;allgemeine Hochschulreife
706;4032;3;allgemeine Hochschulreife
922;4027;3;allgemeine Hochschulreife
969;4027;4;allgemeine Hochschulreife
1949;4027;3;allgemeine Hochschulreife
855;4027;2;allgemeine Hochschulreife
1205;4027;3;allgemeine Hochschulreife
548;4027;3;allgemeine Hochschulreife
183;4024;3;allgemeine Hochschulreife
129;4024;2;allgemeine Hochschulreife
1080;4027;3;allgemeine Hochschulreife
2045;4028;3;allgemeine Hochschulreife
396;4028;3;allgemeine Hochschulreife
1539;4028;3;allgemeine Hochschulreife
445;4028;2;allgemeine Hochschulreife
2698;4028;3;allgemeine Hochschulreife
236;4028;3;allgemeine Hochschulreife
182;4029;4;allgemeine Hochschulreife
2211;4029;2;allgemeine Hochschulreife
714;4031;3;allgemeine Hochschulreife
2165;4031;3;allgemeine Hochschulreife
2078;4032;3;allgemeine Hochschulreife
2715;4032;3;allgemeine Hochschulreife
2588;4032;3;allgemeine Hochschulreife
1576;4032;2;allgemeine Hochschulreife
1307;4032;3;allgemeine Hochschulreife
903;4032;3;allgemeine Hochschulreife
2412;4032;2;allgemeine Hochschulreife
1550;4033;2;allgemeine Hochschulreife
1388;4033;4;allgemeine Hochschulreife
2280;4036;1;allgemeine Hochschulreife
361;4036;3;allgemeine Hochschulreife
1445;4036;3;allgemeine Hochschulreife
671;4036;4;allgemeine Hochschulreife
2010;4036;2;allgemeine Hochschulreife
55;4036;1;allgemeine Hochschulreife
1530;4036;3;allgemeine Hochschulreife
1854;4036;3;allgemeine Hochschulreife
351;4036;3;allgemeine Hochschulreife
98;4036;2;allgemeine Hochschulreife
493;4036;3;allgemeine Hochschulreife
2104;4036;3;allgemeine Hochschulreife
2406;4035;2;allgemeine Hochschulreife
2672;4035;2;allgemeine Hochschulreife
2065;4035;2;allgemeine Hochschulreife
2114;4036;1;allgemeine Hochschulreife
1485;4036;3;allgemeine Hochschulreife
1124;4036;1;Studiengenehmigung (ohne Hochschulreife)
1611;4036;3;allgemeine Hochschulreife
1931;4036;3;allgemeine Hochschulreife
1916;4036;2;allgemeine Hochschulreife
1456;4036;3;allgemeine Hochschulreife
188;4035;2;allgemeine Hochschulreife
2304;4035;2;allgemeine Hochschulreife
1531;4035;3;allgemeine Hochschulreife
2027;4035;3;allgemeine Hochschulreife
1523;4035;1;allgemeine Hochschulreife
2242;4035;2;allgemeine Hochschulreife
1827;4035;2;allgemeine Hochschulreife
626;4033;3;allgemeine Hochschulreife
2667;4033;3;allgemeine Hochschulreife
1680;4033;2;allgemeine Hochschulreife
90;4029;2;allgemeine Hochschulreife
787;4029;2;allgemeine Hochschulreife
490;4029;2;allgemeine Hochschulreife
1211;4030;4;allgemeine Hochschulreife
553;4030;2;allgemeine Hochschulreife
1891;4030;2;allgemeine Hochschulreife
1493;4030;3;allgemeine Hochschulreife
239;4031;3;allgemeine Hochschulreife
1624;4031;3;allgemeine Hochschulreife
992;4031;3;allgemeine Hochschulreife
316;4033;2;allgemeine Hochschulreife
407;4034;1;allgemeine Hochschulreife
407;4035;1;allgemeine Hochschulreife
1043;4034;3;allgemeine Hochschulreife
317;4034;3;allgemeine Hochschulreife
1093;4034;3;allgemeine Hochschulreife
829;4034;2;allgemeine Hochschulreife
727;4034;3;allgemeine Hochschulreife
2270;4034;3;allgemeine Hochschulreife
281;4035;3;allgemeine Hochschulreife
1254;4035;2;allgemeine Hochschulreife
1133;4035;2;allgemeine Hochschulreife
702;4035;3;allgemeine Hochschulreife
1018;4035;1;Studiengenehmigung (ohne Hochschulreife)
541;4035;2;allgemeine Hochschulreife
2102;4035;2;allgemeine Hochschulreife
1269;4033;2;Fachhochschulreife
870;4033;2;allgemeine Hochschulreife
2520;4035;2;allgemeine Hochschulreife
1467;4033;2;allgemeine Hochschulreife
328;4033;3;allgemeine Hochschulreife
545;4031;3;allgemeine Hochschulreife
2388;4031;3;allgemeine Hochschulreife
2374;4031;3;allgemeine Hochschulreife
876;4031;3;allgemeine Hochschulreife
2092;4031;3;allgemeine Hochschulreife
1191;4031;3;allgemeine Hochschulreife
1908;4031;3;allgemeine Hochschulreife
484;4031;3;allgemeine Hochschulreife
327;4011;3;allgemeine Hochschulreife
781;4011;4;allgemeine Hochschulreife
822;4016;3;allgemeine Hochschulreife
1112;4035;2;allgemeine Hochschulreife
2023;4035;3;allgemeine Hochschulreife
42;4031;3;allgemeine Hochschulreife
2429;4032;2;allgemeine Hochschulreife
417;4032;4;allgemeine Hochschulreife
955;4032;2;allgemeine Hochschulreife
436;4033;2;Fachhochschulreife
242;4032;2;allgemeine Hochschulreife
2241;4032;3;allgemeine Hochschulreife
2561;4032;3;allgemeine Hochschulreife
2070;4033;2;allgemeine Hochschulreife
1160;4033;2;allgemeine Hochschulreife
841;4036;3;allgemeine Hochschulreife
2344;4036;3;allgemeine Hochschulreife
2399;4036;2;allgemeine Hochschulreife
810;4036;3;allgemeine Hochschulreife
2511;4036;3;Fachhochschulreife
2348;4035;3;allgemeine Hochschulreife
1186;4035;2;allgemeine Hochschulreife
511;4035;3;allgemeine Hochschulreife
857;4035;3;allgemeine Hochschulreife
1657;4037;3;allgemeine Hochschulreife
265;4031;3;Studiengenehmigung (ohne Hochschulreife)
1336;4031;2;allgemeine Hochschulreife
894;4031;2;allgemeine Hochschulreife
1475;4031;;Studiengenehmigung (ohne Hochschulreife)
1691;4014;3;allgemeine Hochschulreife
363;4013;2;allgemeine Hochschulreife
2192;4012;3;allgemeine Hochschulreife
1666;4035;2;allgemeine Hochschulreife
2329;4035;2;allgemeine Hochschulreife
1414;4012;2;allgemeine Hochschulreife
932;4012;3;allgemeine Hochschulreife
40;4012;3;allgemeine Hochschulreife
1727;4012;2;allgemeine Hochschulreife
1199;4012;3;allgemeine Hochschulreife
2474;4012;3;allgemeine Hochschulreife
1377;4012;2;allgemeine Hochschulreife
271;4012;3;allgemeine Hochschulreife
949;4012;3;allgemeine Hochschulreife
1430;4014;4;allgemeine Hochschulreife
109;4014;2;allgemeine Hochschulreife
1371;4015;4;allgemeine Hochschulreife
377;4015;;allgemeine Hochschulreife
517;4015;2;allgemeine Hochschulreife
187;4015;3;allgemeine Hochschulreife
635;4015;4;allgemeine Hochschulreife
1083;4015;3;allgemeine Hochschulreife
2365;4015;3;allgemeine Hochschulreife
1756;4015;3;allgemeine Hochschulreife
1610;4015;2;allgemeine Hochschulreife
94;4015;2;allgemeine Hochschulreife
2683;4015;2;allgemeine Hochschulreife
2480;4015;2;allgemeine Hochschulreife
2427;4015;2;allgemeine Hochschulreife
1888;4015;2;allgemeine Hochschulreife
138;4015;3;allgemeine Hochschulreife
1997;4015;3;allgemeine Hochschulreife
782;4015;4;allgemeine Hochschulreife
634;4015;2;allgemeine Hochschulreife
1526;4015;;allgemeine Hochschulreife
99;4015;2;allgemeine Hochschulreife
1871;4014;3;allgemeine Hochschulreife
2017;4035;3;allgemeine Hochschulreife
1220;4033;2;allgemeine Hochschulreife
2526;4033;2;allgemeine Hochschulreife
1532;4033;2;allgemeine Hochschulreife
1528;4011;2;allgemeine Hochschulreife
725;4012;2;allgemeine Hochschulreife
1749;4012;2;allgemeine Hochschulreife
918;4012;3;allgemeine Hochschulreife
2305;4012;2;allgemeine Hochschulreife
1974;4012;4;allgemeine Hochschulreife
2161;4012;3;allgemeine Hochschulreife
1487;4012;2;allgemeine Hochschulreife
2709;4012;3;allgemeine Hochschulreife
2605;4012;3;allgemeine Hochschulreife
2646;4012;2;allgemeine Hochschulreife
1537;4012;2;allgemeine Hochschulreife
1181;4012;4;allgemeine Hochschulreife
886;4012;3;allgemeine Hochschulreife
759;4012;3;allgemeine Hochschulreife
2068;4012;2;allgemeine Hochschulreife
1693;4015;2;allgemeine Hochschulreife
1122;4016;2;allgemeine Hochschulreife
2311;4014;3;allgemeine Hochschulreife
1919;4014;2;allgemeine Hochschulreife
860;4015;3;allgemeine Hochschulreife
2151;4015;3;allgemeine Hochschulreife
848;4015;2;allgemeine Hochschulreife
1512;4015;;allgemeine Hochschulreife
1773;4015;2;allgemeine Hochschulreife
2149;4015;3;allgemeine Hochschulreife
2579;4015;3;allgemeine Hochschulreife
292;4015;3;allgemeine Hochschulreife
1142;4015;3;allgemeine Hochschulreife
726;4015;3;allgemeine Hochschulreife
1585;4015;3;allgemeine Hochschulreife
1012;4015;3;allgemeine Hochschulreife
839;4015;2;allgemeine Hochschulreife
1301;4015;3;allgemeine Hochschulreife
578;4015;3;allgemeine Hochschulreife
2000;4015;3;allgemeine Hochschulreife
664;4014;;allgemeine Hochschulreife
49;4014;;allgemeine Hochschulreife
433;4014;2;allgemeine Hochschulreife
2316;4014;3;allgemeine Hochschulreife
1841;4014;4;allgemeine Hochschulreife
1111;4014;2;allgemeine Hochschulreife
1615;4014;3;allgemeine Hochschulreife
1128;4015;3;allgemeine Hochschulreife
465;4015;2;allgemeine Hochschulreife
625;4015;2;allgemeine Hochschulreife
2217;4017;3;allgemeine Hochschulreife
196;4017;3;allgemeine Hochschulreife
1521;4017;2;allgemeine Hochschulreife
2433;4017;3;allgemeine Hochschulreife
39;4018;3;allgemeine Hochschulreife
262;4018;2;allgemeine Hochschulreife
775;4018;3;allgemeine Hochschulreife
1498;4018;3;allgemeine Hochschulreife
1308;4018;2;allgemeine Hochschulreife
200;4018;2;allgemeine Hochschulreife
1260;4018;2;allgemeine Hochschulreife
1053;4018;3;allgemeine Hochschulreife
1327;4018;3;allgemeine Hochschulreife
2469;4018;3;allgemeine Hochschulreife
323;4018;2;allgemeine Hochschulreife
2077;4019;3;allgemeine Hochschulreife
520;4019;4;allgemeine Hochschulreife
1839;4031;3;allgemeine Hochschulreife
539;4031;2;allgemeine Hochschulreife
2607;4031;2;allgemeine Hochschulreife
144;4031;2;allgemeine Hochschulreife
1054;4031;2;allgemeine Hochschulreife
1433;4012;2;allgemeine Hochschulreife
1131;4011;;allgemeine Hochschulreife
2148;4035;2;allgemeine Hochschulreife
1853;4035;3;allgemeine Hochschulreife
1118;4035;1;allgemeine Hochschulreife
2056;4035;2;allgemeine Hochschulreife
2177;4011;2;allgemeine Hochschulreife
435;4012;3;allgemeine Hochschulreife
521;4012;4;allgemeine Hochschulreife
1952;4012;;allgemeine Hochschulreife
2115;4012;4;allgemeine Hochschulreife
1352;4012;3;allgemeine Hochschulreife
858;4012;;allgemeine Hochschulreife
807;4016;3;allgemeine Hochschulreife
199;4014;;allgemeine Hochschulreife
37;4014;2;allgemeine Hochschulreife
95;4015;2;allgemeine Hochschulreife
1120;4015;2;allgemeine Hochschulreife
108;4017;3;allgemeine Hochschulreife
2233;4017;3;allgemeine Hochschulreife
1759;4017;4;allgemeine Hochschulreife
2566;4017;3;allgemeine Hochschulreife
1069;4017;3;allgemeine Hochschulreife
1845;4022;2;allgemeine Hochschulreife
630;4018;2;allgemeine Hochschulreife
2645;4018;3;allgemeine Hochschulreife
1594;4018;3;allgemeine Hochschulreife
2125;4018;2;allgemeine Hochschulreife
1408;4018;3;allgemeine Hochschulreife
1233;4018;3;allgemeine Hochschulreife
618;4018;2;allgemeine Hochschulreife
1325;4018;3;allgemeine Hochschulreife
1877;4018;3;allgemeine Hochschulreife
1873;4018;3;allgemeine Hochschulreife
155;4018;2;allgemeine Hochschulreife
2495;4019;2;allgemeine Hochschulreife
649;4019;3;allgemeine Hochschulreife
1544;4019;2;allgemeine Hochschulreife
2493;4021;2;allgemeine Hochschulreife
2129;4019;2;allgemeine Hochschulreife
1910;4019;2;allgemeine Hochschulreife
4;4019;4;allgemeine Hochschulreife
720;4019;2;allgemeine Hochschulreife
509;4019;3;allgemeine Hochschulreife
962;4019;2;allgemeine Hochschulreife
2575;4019;2;allgemeine Hochschulreife
1947;4022;2;allgemeine Hochschulreife
75;4020;3;allgemeine Hochschulreife
620;4020;2;allgemeine Hochschulreife
730;4020;2;allgemeine Hochschulreife
41;4020;3;allgemeine Hochschulreife
771;4021;2;allgemeine Hochschulreife
1834;4021;3;allgemeine Hochschulreife
2548;4021;3;allgemeine Hochschulreife
127;4021;2;allgemeine Hochschulreife
1836;4021;2;allgemeine Hochschulreife
1413;4021;3;allgemeine Hochschulreife
115;4019;3;allgemeine Hochschulreife
2042;4019;2;allgemeine Hochschulreife
2740;4019;2;allgemeine Hochschulreife
535;4019;2;allgemeine Hochschulreife
1031;4020;3;allgemeine Hochschulreife
1029;4020;3;allgemeine Hochschulreife
1574;4020;3;allgemeine Hochschulreife
1955;4020;3;allgemeine Hochschulreife
1990;4020;3;allgemeine Hochschulreife
1106;4020;3;allgemeine Hochschulreife
2479;4020;2;allgemeine Hochschulreife
1047;4021;2;allgemeine Hochschulreife
2175;4021;;allgemeine Hochschulreife
893;4021;3;allgemeine Hochschulreife
1244;4021;2;allgemeine Hochschulreife
926;4012;4;allgemeine Hochschulreife
2573;4012;4;allgemeine Hochschulreife
164;4014;2;allgemeine Hochschulreife
432;4016;3;allgemeine Hochschulreife
872;4014;3;allgemeine Hochschulreife
2622;4015;3;allgemeine Hochschulreife
828;4015;2;allgemeine Hochschulreife
2016;4015;2;allgemeine Hochschulreife
395;4015;2;allgemeine Hochschulreife
1478;4015;2;allgemeine Hochschulreife
2205;4015;3;allgemeine Hochschulreife
1969;4015;2;allgemeine Hochschulreife
112;4015;2;allgemeine Hochschulreife
1428;4015;2;allgemeine Hochschulreife
2122;4015;3;allgemeine Hochschulreife
2341;4015;3;allgemeine Hochschulreife
250;4015;2;allgemeine Hochschulreife
2688;4015;2;allgemeine Hochschulreife
2012;4015;3;allgemeine Hochschulreife
232;4015;3;allgemeine Hochschulreife
1401;4015;4;allgemeine Hochschulreife
2209;4015;4;allgemeine Hochschulreife
679;4014;3;allgemeine Hochschulreife
244;4014;2;allgemeine Hochschulreife
1684;4014;2;allgemeine Hochschulreife
2721;4014;3;allgemeine Hochschulreife
2262;4016;3;allgemeine Hochschulreife
2204;4020;2;allgemeine Hochschulreife
1348;4020;3;allgemeine Hochschulreife
2719;4020;3;allgemeine Hochschulreife
990;4020;3;allgemeine Hochschulreife
853;4020;4;allgemeine Hochschulreife
56;4020;3;allgemeine Hochschulreife
1906;4020;3;allgemeine Hochschulreife
1614;4021;2;allgemeine Hochschulreife
793;4021;3;allgemeine Hochschulreife
1689;4021;3;allgemeine Hochschulreife
370;4021;2;allgemeine Hochschulreife
2528;4022;3;allgemeine Hochschulreife
141;4022;2;allgemeine Hochschulreife
1492;4022;3;allgemeine Hochschulreife
1420;4024;3;allgemeine Hochschulreife
951;4023;3;allgemeine Hochschulreife
1934;4024;3;allgemeine Hochschulreife
1905;4023;2;allgemeine Hochschulreife
617;4023;2;allgemeine Hochschulreife
1197;4023;2;allgemeine Hochschulreife
1746;4021;3;allgemeine Hochschulreife
2207;4021;2;allgemeine Hochschulreife
1089;4021;2;allgemeine Hochschulreife
997;4021;2;allgemeine Hochschulreife
824;4021;2;allgemeine Hochschulreife
856;4021;;allgemeine Hochschulreife
1699;4021;3;allgemeine Hochschulreife
70;4022;3;allgemeine Hochschulreife
946;4022;3;allgemeine Hochschulreife
1295;4022;4;allgemeine Hochschulreife
1755;4022;3;allgemeine Hochschulreife
2717;4022;3;allgemeine Hochschulreife
1100;4022;3;allgemeine Hochschulreife
2320;4022;3;allgemeine Hochschulreife
1116;4022;2;allgemeine Hochschulreife
1924;4022;2;allgemeine Hochschulreife
705;4022;3;allgemeine Hochschulreife
1104;4022;3;allgemeine Hochschulreife
334;4022;3;allgemeine Hochschulreife
263;4022;3;allgemeine Hochschulreife
1385;4022;3;allgemeine Hochschulreife
1499;4022;2;allgemeine Hochschulreife
719;4022;3;allgemeine Hochschulreife
304;4022;3;allgemeine Hochschulreife
209;4022;3;allgemeine Hochschulreife
1271;4023;3;allgemeine Hochschulreife
1317;4023;;allgemeine Hochschulreife
78;4024;2;allgemeine Hochschulreife
299;4026;3;allgemeine Hochschulreife
1638;4023;2;allgemeine Hochschulreife
1522;4023;1;allgemeine Hochschulreife
2556;4024;3;allgemeine Hochschulreife
1416;4026;3;allgemeine Hochschulreife
429;4025;2;allgemeine Hochschulreife
16;4025;2;allgemeine Hochschulreife
2111;4025;2;allgemeine Hochschulreife
604;4025;3;allgemeine Hochschulreife
1375;4021;2;allgemeine Hochschulreife
278;4021;2;allgemeine Hochschulreife
97;4022;3;allgemeine Hochschulreife
310;4022;3;allgemeine Hochschulreife
2046;4022;2;allgemeine Hochschulreife
772;4022;3;allgemeine Hochschulreife
1922;4022;3;allgemeine Hochschulreife
902;4022;3;allgemeine Hochschulreife
1548;4022;3;allgemeine Hochschulreife
529;4022;3;allgemeine Hochschulreife
1985;4022;3;allgemeine Hochschulreife
628;4022;3;allgemeine Hochschulreife
469;4022;3;allgemeine Hochschulreife
2335;4022;3;allgemeine Hochschulreife
1313;4022;3;allgemeine Hochschulreife
1436;4022;3;allgemeine Hochschulreife
849;4023;2;allgemeine Hochschulreife
911;4023;2;allgemeine Hochschulreife
2167;4023;3;allgemeine Hochschulreife
1068;4024;3;allgemeine Hochschulreife
731;4027;2;allgemeine Hochschulreife
1864;4027;2;allgemeine Hochschulreife
2160;4027;2;allgemeine Hochschulreife
446;4027;3;allgemeine Hochschulreife
7;4027;3;allgemeine Hochschulreife
2506;4027;3;allgemeine Hochschulreife
414;4027;2;allgemeine Hochschulreife
147;4027;3;allgemeine Hochschulreife
2103;4024;3;allgemeine Hochschulreife
73;4024;2;allgemeine Hochschulreife
2447;4024;3;allgemeine Hochschulreife
837;4024;2;allgemeine Hochschulreife
1276;4024;3;allgemeine Hochschulreife
1620;4024;2;allgemeine Hochschulreife
300;4024;3;allgemeine Hochschulreife
2117;4026;2;allgemeine Hochschulreife
788;4025;3;allgemeine Hochschulreife
344;4025;3;allgemeine Hochschulreife
136;4025;2;allgemeine Hochschulreife
2057;4025;2;allgemeine Hochschulreife
1895;4017;3;allgemeine Hochschulreife
1019;4017;;allgemeine Hochschulreife
1670;4017;3;allgemeine Hochschulreife
409;4018;2;allgemeine Hochschulreife
2742;4018;2;allgemeine Hochschulreife
0;4018;3;allgemeine Hochschulreife
1830;4018;3;allgemeine Hochschulreife
595;4018;4;allgemeine Hochschulreife
2360;4018;2;allgemeine Hochschulreife
2368;4018;2;allgemeine Hochschulreife
1631;4018;3;allgemeine Hochschulreife
2138;4018;3;allgemeine Hochschulreife
1484;4018;2;allgemeine Hochschulreife
2337;4018;3;allgemeine Hochschulreife
899;4021;2;allgemeine Hochschulreife
1843;4019;2;allgemeine Hochschulreife
2397;4019;3;allgemeine Hochschulreife
942;4019;2;allgemeine Hochschulreife
2582;4019;3;allgemeine Hochschulreife
2261;4019;4;allgemeine Hochschulreife
933;4019;3;allgemeine Hochschulreife
1867;4019;3;allgemeine Hochschulreife
2395;4019;2;allgemeine Hochschulreife
2408;4019;2;allgemeine Hochschulreife
1337;4019;3;allgemeine Hochschulreife
1245;4027;4;allgemeine Hochschulreife
437;4027;3;allgemeine Hochschulreife
596;4028;3;allgemeine Hochschulreife
2731;4028;4;allgemeine Hochschulreife
2380;4028;3;allgemeine Hochschulreife
2380;4030;3;allgemeine Hochschulreife
708;4028;3;allgemeine Hochschulreife
34;4029;2;allgemeine Hochschulreife
2243;4029;3;allgemeine Hochschulreife
835;4029;1;allgemeine Hochschulreife
2116;4029;3;allgemeine Hochschulreife
1582;4029;3;allgemeine Hochschulreife
386;4029;3;allgemeine Hochschulreife
980;4030;3;allgemeine Hochschulreife
1869;4029;3;allgemeine Hochschulreife
1763;4029;3;allgemeine Hochschulreife
107;4029;2;allgemeine Hochschulreife
672;4029;2;allgemeine Hochschulreife
114;4030;3;allgemeine Hochschulreife
1572;4030;3;allgemeine Hochschulreife
1814;4030;2;allgemeine Hochschulreife
1609;4030;2;allgemeine Hochschulreife
1619;4030;2;allgemeine Hochschulreife
1782;4030;2;allgemeine Hochschulreife
619;4023;2;allgemeine Hochschulreife
21;4027;2;allgemeine Hochschulreife
1472;4024;3;Fachhochschulreife
799;4024;3;allgemeine Hochschulreife
204;4024;2;allgemeine Hochschulreife
1577;4024;4;allgemeine Hochschulreife
748;4024;3;allgemeine Hochschulreife
2583;4024;2;allgemeine Hochschulreife
1090;4024;4;allgemeine Hochschulreife
693;4024;3;allgemeine Hochschulreife
1898;4024;3;allgemeine Hochschulreife
546;4024;3;allgemeine Hochschulreife
2589;4024;3;allgemeine Hochschulreife
2483;4026;3;allgemeine Hochschulreife
1347;4025;2;allgemeine Hochschulreife
2674;4025;2;allgemeine Hochschulreife
1860;4025;2;allgemeine Hochschulreife
1505;4025;2;allgemeine Hochschulreife
2385;4025;2;allgemeine Hochschulreife
333;4026;3;allgemeine Hochschulreife
798;4025;2;allgemeine Hochschulreife
1761;4025;3;allgemeine Hochschulreife
699;4025;3;allgemeine Hochschulreife
347;4025;3;allgemeine Hochschulreife
770;4025;2;allgemeine Hochschulreife
214;4025;2;allgemeine Hochschulreife
2325;4026;2;allgemeine Hochschulreife
1963;4026;2;allgemeine Hochschulreife
2076;4026;2;allgemeine Hochschulreife
1752;4025;2;allgemeine Hochschulreife
2206;4025;2;allgemeine Hochschulreife
2619;4025;3;allgemeine Hochschulreife
1;4026;3;allgemeine Hochschulreife
2393;4026;3;allgemeine Hochschulreife
1471;4026;3;allgemeine Hochschulreife
184;4026;3;allgemeine Hochschulreife
201;4026;3;allgemeine Hochschulreife
1216;4026;3;allgemeine Hochschulreife
1405;4026;2;allgemeine Hochschulreife
1606;4026;3;allgemeine Hochschulreife
2522;4026;4;allgemeine Hochschulreife
2555;4026;3;allgemeine Hochschulreife
2221;4026;3;allgemeine Hochschulreife
464;4026;2;allgemeine Hochschulreife
1636;4026;3;allgemeine Hochschulreife
2202;4026;2;allgemeine Hochschulreife
2197;4026;2;allgemeine Hochschulreife
1007;4026;2;allgemeine Hochschulreife
1811;4026;3;allgemeine Hochschulreife
1355;4026;2;Fachhochschulreife
908;4027;3;allgemeine Hochschulreife
1407;4027;3;allgemeine Hochschulreife
2735;4027;2;allgemeine Hochschulreife
2351;4028;3;allgemeine Hochschulreife
2598;4028;3;allgemeine Hochschulreife
1553;4028;3;allgemeine Hochschulreife
2423;4028;3;allgemeine Hochschulreife
1652;4029;;allgemeine Hochschulreife
1051;4029;3;allgemeine Hochschulreife
46;4029;3;allgemeine Hochschulreife
1476;4019;2;allgemeine Hochschulreife
977;4019;3;allgemeine Hochschulreife
1296;4019;1;allgemeine Hochschulreife
2519;4020;;allgemeine Hochschulreife
930;4020;2;allgemeine Hochschulreife
999;4020;3;allgemeine Hochschulreife
79;4021;3;allgemeine Hochschulreife
1040;4021;2;allgemeine Hochschulreife
611;4021;2;allgemeine Hochschulreife
801;4021;2;allgemeine Hochschulreife
1367;4021;2;allgemeine Hochschulreife
1740;4021;2;allgemeine Hochschulreife
2439;4021;2;allgemeine Hochschulreife
2517;4021;2;Fachhochschulreife
1913;4021;2;allgemeine Hochschulreife
1206;4021;3;allgemeine Hochschulreife
3;4031;2;allgemeine Hochschulreife
2031;4031;3;allgemeine Hochschulreife
2591;4031;3;allgemeine Hochschulreife
1182;4034;2;allgemeine Hochschulreife
2060;4034;;allgemeine Hochschulreife
2343;4034;2;allgemeine Hochschulreife
401;4034;3;allgemeine Hochschulreife
1887;4034;3;allgemeine Hochschulreife
1034;4034;4;allgemeine Hochschulreife
1674;4034;3;allgemeine Hochschulreife
1850;4034;3;allgemeine Hochschulreife
1775;4034;3;allgemeine Hochschulreife
2239;4034;3;allgemeine Hochschulreife
2636;4034;3;allgemeine Hochschulreife
2021;4034;2;allgemeine Hochschulreife
461;4034;3;allgemeine Hochschulreife
1832;4031;3;allgemeine Hochschulreife
1027;4031;3;allgemeine Hochschulreife
571;4031;2;allgemeine Hochschulreife
1671;4031;2;allgemeine Hochschulreife
8;4032;4;allgemeine Hochschulreife
2174;4032;2;allgemeine Hochschulreife
846;4032;4;allgemeine Hochschulreife
2443;4032;3;allgemeine Hochschulreife
2331;4032;3;allgemeine Hochschulreife
1518;4032;2;allgemeine Hochschulreife
2038;4026;2;allgemeine Hochschulreife
920;4026;3;allgemeine Hochschulreife
1588;4026;3;allgemeine Hochschulreife
1496;4026;2;allgemeine Hochschulreife
1035;4026;3;allgemeine Hochschulreife
330;4026;3;allgemeine Hochschulreife
457;4026;2;allgemeine Hochschulreife
2200;4026;2;allgemeine Hochschulreife
1901;4026;4;allgemeine Hochschulreife
2701;4026;2;allgemeine Hochschulreife
1314;4026;3;allgemeine Hochschulreife
2133;4026;4;allgemeine Hochschulreife
48;4026;2;allgemeine Hochschulreife
567;4026;2;allgemeine Hochschulreife
871;4026;3;allgemeine Hochschulreife
1911;4026;2;allgemeine Hochschulreife
2704;4026;2;allgemeine Hochschulreife
976;4026;3;allgemeine Hochschulreife
203;4026;3;allgemeine Hochschulreife
1714;4026;4;fachgebundene Hochschulreife
2580;4027;4;allgemeine Hochschulreife
605;4027;2;allgemeine Hochschulreife
2494;4027;3;allgemeine Hochschulreife
819;4027;2;allgemeine Hochschulreife
755;4027;3;allgemeine Hochschulreife
897;4028;3;allgemeine Hochschulreife
685;4028;3;allgemeine Hochschulreife
2208;4028;3;allgemeine Hochschulreife
1868;4029;2;allgemeine Hochschulreife
2451;4029;2;allgemeine Hochschulreife
2171;4029;3;allgemeine Hochschulreife
735;4029;2;allgemeine Hochschulreife
785;4029;3;allgemeine Hochschulreife
2226;4029;2;allgemeine Hochschulreife
1607;4029;3;allgemeine Hochschulreife
1452;4029;3;allgemeine Hochschulreife
765;4029;3;allgemeine Hochschulreife
979;4029;2;allgemeine Hochschulreife
1559;4029;3;allgemeine Hochschulreife
2051;4029;3;allgemeine Hochschulreife
2409;4029;3;allgemeine Hochschulreife
1697;4029;3;allgemeine Hochschulreife
550;4030;3;allgemeine Hochschulreife
647;4030;3;allgemeine Hochschulreife
2425;4030;3;allgemeine Hochschulreife
1482;4030;3;allgemeine Hochschulreife
2232;4030;4;allgemeine Hochschulreife
1187;4030;3;allgemeine Hochschulreife
518;4031;3;allgemeine Hochschulreife
1149;4031;3;allgemeine Hochschulreife
865;4031;4;allgemeine Hochschulreife
375;4031;3;allgemeine Hochschulreife
2716;4031;4;allgemeine Hochschulreife
24;4028;2;allgemeine Hochschulreife
1772;4028;3;allgemeine Hochschulreife
983;4028;3;allgemeine Hochschulreife
1447;4028;3;allgemeine Hochschulreife
2303;4028;2;allgemeine Hochschulreife
2112;4028;3;allgemeine Hochschulreife
1495;4028;3;allgemeine Hochschulreife
454;4030;4;allgemeine Hochschulreife
867;4030;3;allgemeine Hochschulreife
10;4030;4;allgemeine Hochschulreife
1249;4030;3;allgemeine Hochschulreife
1808;4031;3;allgemeine Hochschulreife
1378;4031;3;allgemeine Hochschulreife
905;4031;3;allgemeine Hochschulreife
2585;4031;2;allgemeine Hochschulreife
1948;4031;2;allgemeine Hochschulreife
653;4034;2;allgemeine Hochschulreife
2485;4034;3;Fachhochschulreife
2159;4028;3;allgemeine Hochschulreife
2066;4028;3;allgemeine Hochschulreife
2421;4028;3;allgemeine Hochschulreife
65;4028;3;allgemeine Hochschulreife
2098;4028;2;allgemeine Hochschulreife
2665;4028;3;allgemeine Hochschulreife
538;4028;3;allgemeine Hochschulreife
808;4034;3;allgemeine Hochschulreife
2611;4034;3;allgemeine Hochschulreife
2446;4034;2;allgemeine Hochschulreife
736;4034;3;allgemeine Hochschulreife
2475;4021;2;allgemeine Hochschulreife
988;4021;4;allgemeine Hochschulreife
348;4021;3;allgemeine Hochschulreife
383;4022;3;allgemeine Hochschulreife
964;4022;3;allgemeine Hochschulreife
1950;4022;3;allgemeine Hochschulreife
2064;4022;3;allgemeine Hochschulreife
2163;4022;3;allgemeine Hochschulreife
1214;4022;3;allgemeine Hochschulreife
723;4022;3;allgemeine Hochschulreife
1374;4022;3;allgemeine Hochschulreife
393;4022;2;allgemeine Hochschulreife
195;4022;3;allgemeine Hochschulreife
368;4022;3;allgemeine Hochschulreife
1052;4022;3;allgemeine Hochschulreife
1815;4022;3;allgemeine Hochschulreife
1785;4022;3;allgemeine Hochschulreife
2234;4022;3;allgemeine Hochschulreife
1907;4022;3;allgemeine Hochschulreife
1690;4023;2;allgemeine Hochschulreife
1513;4028;2;allgemeine Hochschulreife
1391;4028;3;allgemeine Hochschulreife
1207;4028;2;allgemeine Hochschulreife
1925;4028;3;allgemeine Hochschulreife
2545;4034;3;allgemeine Hochschulreife
1753;4034;3;allgemeine Hochschulreife
2100;4034;3;allgemeine Hochschulreife
2733;4034;2;allgemeine Hochschulreife
1179;4034;3;allgemeine Hochschulreife
1730;4034;4;allgemeine Hochschulreife
274;4034;3;allgemeine Hochschulreife
1547;4034;4;allgemeine Hochschulreife
2542;4034;3;allgemeine Hochschulreife
1983;4032;3;allgemeine Hochschulreife
307;4032;;Studiengenehmigung (ohne Hochschulreife)
1409;4032;2;allgemeine Hochschulreife
322;4036;3;allgemeine Hochschulreife
2235;4036;3;allgemeine Hochschulreife
1778;4036;3;allgemeine Hochschulreife
268;4036;2;allgemeine Hochschulreife
1741;4036;3;allgemeine Hochschulreife
1766;4035;2;allgemeine Hochschulreife
643;4034;2;allgemeine Hochschulreife
783;4034;2;allgemeine Hochschulreife
971;4031;3;allgemeine Hochschulreife
2633;4031;3;allgemeine Hochschulreife
1259;4031;3;allgemeine Hochschulreife
2306;4032;2;allgemeine Hochschulreife
956;4032;3;allgemeine Hochschulreife
2352;4032;3;allgemeine Hochschulreife
1009;4032;4;allgemeine Hochschulreife
1626;4032;;allgemeine Hochschulreife
2113;4032;3;allgemeine Hochschulreife
1419;4033;3;allgemeine Hochschulreife
2178;4032;4;allgemeine Hochschulreife
2452;4036;3;allgemeine Hochschulreife
555;4036;3;allgemeine Hochschulreife
349;4036;3;allgemeine Hochschulreife
1008;4036;3;Fachhochschulreife
2400;4036;3;allgemeine Hochschulreife
2564;4036;2;Fachhochschulreife
2273;4036;3;allgemeine Hochschulreife
1274;4035;2;allgemeine Hochschulreife
2144;4035;3;Studiengenehmigung (ohne Hochschulreife)
2085;4035;2;allgemeine Hochschulreife
1634;4035;1;allgemeine Hochschulreife
1230;4035;2;allgemeine Hochschulreife
2318;4035;2;allgemeine Hochschulreife
532;4035;2;allgemeine Hochschulreife
215;4035;2;allgemeine Hochschulreife
2411;4035;2;allgemeine Hochschulreife
2693;4035;3;allgemeine Hochschulreife
2090;4035;2;allgemeine Hochschulreife
1625;4036;3;allgemeine Hochschulreife
1965;4036;3;allgemeine Hochschulreife
1115;4036;3;allgemeine Hochschulreife
1653;4036;3;allgemeine Hochschulreife
1224;4036;3;allgemeine Hochschulreife
2426;4033;2;allgemeine Hochschulreife
2146;4033;2;allgemeine Hochschulreife
1316;4035;2;allgemeine Hochschulreife
1223;4035;2;allgemeine Hochschulreife
1804;4035;3;allgemeine Hochschulreife
336;4035;3;allgemeine Hochschulreife
1677;4036;2;allgemeine Hochschulreife
1915;4036;3;allgemeine Hochschulreife
974;4036;4;allgemeine Hochschulreife
1731;4036;3;allgemeine Hochschulreife
1114;4036;2;allgemeine Hochschulreife
713;4033;2;allgemeine Hochschulreife
2525;4033;2;allgemeine Hochschulreife
438;4033;2;allgemeine Hochschulreife
2356;4033;2;allgemeine Hochschulreife
924;4033;3;Fachhochschulreife
963;4033;2;allgemeine Hochschulreife
2018;4030;3;allgemeine Hochschulreife
1721;4027;3;allgemeine Hochschulreife
912;4027;3;allgemeine Hochschulreife
285;4027;2;allgemeine Hochschulreife
815;4028;3;allgemeine Hochschulreife
1992;4027;2;allgemeine Hochschulreife
67;4024;3;allgemeine Hochschulreife
881;4024;3;allgemeine Hochschulreife
418;4024;3;allgemeine Hochschulreife
1329;4024;3;allgemeine Hochschulreife
362;4024;3;allgemeine Hochschulreife
2383;4024;3;allgemeine Hochschulreife
1095;4024;4;allgemeine Hochschulreife
959;4029;2;allgemeine Hochschulreife
2726;4024;3;allgemeine Hochschulreife
1800;4024;3;allgemeine Hochschulreife
543;4024;3;allgemeine Hochschulreife
66;4025;3;allgemeine Hochschulreife
2333;4025;3;allgemeine Hochschulreife
1929;4025;3;allgemeine Hochschulreife
1256;4025;2;allgemeine Hochschulreife
2712;4025;3;allgemeine Hochschulreife
1583;4025;2;allgemeine Hochschulreife
1809;4026;3;allgemeine Hochschulreife
1719;4025;2;allgemeine Hochschulreife
1050;4026;2;allgemeine Hochschulreife
2295;4026;4;allgemeine Hochschulreife
2398;4026;1;allgemeine Hochschulreife
745;4026;3;allgemeine Hochschulreife
1612;4026;3;allgemeine Hochschulreife
1685;4026;4;allgemeine Hochschulreife
1396;4033;2;allgemeine Hochschulreife
137;4033;2;allgemeine Hochschulreife
779;4033;2;allgemeine Hochschulreife
1543;4033;2;allgemeine Hochschulreife
1474;4033;2;allgemeine Hochschulreife
1765;4026;3;allgemeine Hochschulreife
2562;4026;3;allgemeine Hochschulreife
1168;4026;3;allgemeine Hochschulreife
2053;4026;3;allgemeine Hochschulreife
2345;4026;3;allgemeine Hochschulreife
2498;4026;3;allgemeine Hochschulreife
1196;4026;4;allgemeine Hochschulreife
2610;4026;3;allgemeine Hochschulreife
2120;4026;3;allgemeine Hochschulreife
270;4026;3;allgemeine Hochschulreife
1147;4027;3;allgemeine Hochschulreife
1648;4027;2;allgemeine Hochschulreife
2628;4029;2;allgemeine Hochschulreife
1119;4028;2;allgemeine Hochschulreife
165;4028;3;allgemeine Hochschulreife
2145;4028;3;allgemeine Hochschulreife
927;4028;3;allgemeine Hochschulreife
283;4028;3;allgemeine Hochschulreife
528;4029;2;allgemeine Hochschulreife
970;4029;2;allgemeine Hochschulreife
1406;4029;2;allgemeine Hochschulreife
1991;4029;4;allgemeine Hochschulreife
2440;4029;3;allgemeine Hochschulreife
1777;4029;3;allgemeine Hochschulreife
1570;4029;2;allgemeine Hochschulreife
859;4029;2;allgemeine Hochschulreife
1994;4029;3;allgemeine Hochschulreife
2369;4030;2;allgemeine Hochschulreife
2332;4029;4;allgemeine Hochschulreife
371;4029;2;allgemeine Hochschulreife
2722;4030;3;allgemeine Hochschulreife
2396;4030;1;Studiengenehmigung (ohne Hochschulreife)
2739;4030;3;allgemeine Hochschulreife
2656;4030;3;allgemeine Hochschulreife
737;4030;2;allgemeine Hochschulreife
158;4030;3;allgemeine Hochschulreife
208;4030;3;allgemeine Hochschulreife
2514;4030;1;Studiengenehmigung (ohne Hochschulreife)
2472;4030;3;allgemeine Hochschulreife
2009;4030;2;allgemeine Hochschulreife
1703;4031;3;allgemeine Hochschulreife
670;4031;3;allgemeine Hochschulreife
2210;4031;3;allgemeine Hochschulreife
1529;4028;2;allgemeine Hochschulreife
945;4028;3;allgemeine Hochschulreife
1087;4028;3;allgemeine Hochschulreife
1930;4028;3;allgemeine Hochschulreife
2492;4028;3;allgemeine Hochschulreife
426;4028;3;allgemeine Hochschulreife
1762;4028;3;allgemeine Hochschulreife
2624;4028;4;allgemeine Hochschulreife
884;4028;3;allgemeine Hochschulreife
1227;4028;3;allgemeine Hochschulreife
813;4028;2;allgemeine Hochschulreife
2308;4028;4;allgemeine Hochschulreife
1858;4028;3;allgemeine Hochschulreife
366;4034;2;allgemeine Hochschulreife
74;4034;;allgemeine Hochschulreife
207;4034;2;allgemeine Hochschulreife
1975;4034;2;allgemeine Hochschulreife
2194;4034;3;allgemeine Hochschulreife
1161;4034;3;allgemeine Hochschulreife
2183;4034;3;allgemeine Hochschulreife
2617;4034;;allgemeine Hochschulreife
582;4031;3;allgemeine Hochschulreife
1195;4032;3;allgemeine Hochschulreife
1302;4032;2;allgemeine Hochschulreife
173;4032;2;allgemeine Hochschulreife
1386;4032;2;allgemeine Hochschulreife
2049;4032;2;allgemeine Hochschulreife
2467;4032;4;allgemeine Hochschulreife
1164;4032;3;allgemeine Hochschulreife
1273;4032;2;allgemeine Hochschulreife
1700;4032;1;allgemeine Hochschulreife
379;4033;2;allgemeine Hochschulreife
2061;4033;1;allgemeine Hochschulreife
252;4036;2;allgemeine Hochschulreife
1807;4036;2;allgemeine Hochschulreife
1627;4036;3;allgemeine Hochschulreife
2249;4036;3;Fachhochschulreife
1525;4036;3;allgemeine Hochschulreife
507;4036;3;Fachhochschulreife
1410;4036;4;allgemeine Hochschulreife
2075;4036;3;Fachhochschulreife
1063;4035;2;allgemeine Hochschulreife
1562;4035;3;allgemeine Hochschulreife
205;4035;2;allgemeine Hochschulreife
1099;4035;3;allgemeine Hochschulreife
2213;4035;2;allgemeine Hochschulreife
1622;4036;2;allgemeine Hochschulreife
2442;4036;2;allgemeine Hochschulreife
2720;4036;3;allgemeine Hochschulreife
1109;4033;2;allgemeine Hochschulreife
2033;4033;2;allgemeine Hochschulreife
1006;4033;2;allgemeine Hochschulreife
1932;4033;2;allgemeine Hochschulreife
2032;4033;3;allgemeine Hochschulreife
1158;4033;2;allgemeine Hochschulreife
427;4033;2;allgemeine Hochschulreife
716;4033;2;allgemeine Hochschulreife
2577;4032;3;allgemeine Hochschulreife
80;4032;1;allgemeine Hochschulreife
2402;4032;3;allgemeine Hochschulreife
2468;4033;2;allgemeine Hochschulreife
428;4035;2;allgemeine Hochschulreife
152;4035;3;allgemeine Hochschulreife
267;4035;2;allgemeine Hochschulreife
2587;4036;2;allgemeine Hochschulreife
1882;4036;1;allgemeine Hochschulreife
1971;4036;3;allgemeine Hochschulreife
1789;4036;3;allgemeine Hochschulreife
732;4036;2;allgemeine Hochschulreife
1942;4036;3;allgemeine Hochschulreife
674;4036;3;allgemeine Hochschulreife
318;4036;3;allgemeine Hochschulreife
2378;4036;2;allgemeine Hochschulreife
1824;4035;0;Studiengenehmigung (ohne Hochschulreife)
1465;4035;2;allgemeine Hochschulreife
2694;4035;3;allgemeine Hochschulreife
1004;4035;2;allgemeine Hochschulreife
1751;4035;2;allgemeine Hochschulreife
1735;4035;3;allgemeine Hochschulreife
1872;4035;2;allgemeine Hochschulreife
513;4033;2;allgemeine Hochschulreife
131;4033;2;allgemeine Hochschulreife
1200;4033;3;allgemeine Hochschulreife
2671;4033;2;allgemeine Hochschulreife
485;4033;2;allgemeine Hochschulreife
1686;4031;3;allgemeine Hochschulreife
612;4032;2;allgemeine Hochschulreife
134;4031;3;allgemeine Hochschulreife
1795;4031;2;allgemeine Hochschulreife
1265;4031;3;allgemeine Hochschulreife
1470;4031;3;allgemeine Hochschulreife
752;4031;3;allgemeine Hochschulreife
494;4031;2;allgemeine Hochschulreife
2593;4011;2;allgemeine Hochschulreife
168;4011;2;allgemeine Hochschulreife
102;4011;3;allgemeine Hochschulreife
1335;4011;3;allgemeine Hochschulreife
564;4011;2;allgemeine Hochschulreife
556;4035;2;allgemeine Hochschulreife
259;4013;3;allgemeine Hochschulreife
1248;4013;4;allgemeine Hochschulreife
1645;4013;3;allgemeine Hochschulreife
1210;4013;2;allgemeine Hochschulreife
1743;4013;2;allgemeine Hochschulreife
627;4013;3;allgemeine Hochschulreife
2223;4013;2;allgemeine Hochschulreife
1383;4013;2;allgemeine Hochschulreife
397;4013;2;allgemeine Hochschulreife
88;4013;3;allgemeine Hochschulreife
2549;4013;4;allgemeine Hochschulreife
2366;4013;2;allgemeine Hochschulreife
1725;4013;3;allgemeine Hochschulreife
2034;4015;2;allgemeine Hochschulreife
2319;4013;2;allgemeine Hochschulreife
2626;4013;4;allgemeine Hochschulreife
1459;4013;3;allgemeine Hochschulreife
2507;4014;3;allgemeine Hochschulreife
2244;4014;3;allgemeine Hochschulreife
1394;4014;3;allgemeine Hochschulreife
1679;4014;3;allgemeine Hochschulreife
2641;4014;3;allgemeine Hochschulreife
1429;4014;3;allgemeine Hochschulreife
1023;4014;3;allgemeine Hochschulreife
169;4014;;allgemeine Hochschulreife
682;4015;2;allgemeine Hochschulreife
2487;4015;2;allgemeine Hochschulreife
1937;4016;3;allgemeine Hochschulreife
1754;4016;3;allgemeine Hochschulreife
2413;4016;3;allgemeine Hochschulreife
1840;4016;3;allgemeine Hochschulreife
1030;4016;3;allgemeine Hochschulreife
721;4016;3;allgemeine Hochschulreife
443;4016;3;allgemeine Hochschulreife
1738;4016;;allgemeine Hochschulreife
756;4016;3;allgemeine Hochschulreife
382;4016;3;allgemeine Hochschulreife
864;4016;3;allgemeine Hochschulreife
638;4016;3;allgemeine Hochschulreife
1842;4016;3;allgemeine Hochschulreife
1822;4016;4;allgemeine Hochschulreife
2710;4020;2;allgemeine Hochschulreife
359;4017;2;allgemeine Hochschulreife
1360;4017;2;allgemeine Hochschulreife
2600;4018;2;allgemeine Hochschulreife
235;4017;2;allgemeine Hochschulreife
2317;4017;3;allgemeine Hochschulreife
1438;4017;3;allgemeine Hochschulreife
2181;4017;4;allgemeine Hochschulreife
1797;4017;2;allgemeine Hochschulreife
1001;4018;3;allgemeine Hochschulreife
504;4018;3;allgemeine Hochschulreife
128;4019;2;allgemeine Hochschulreife
1503;4019;2;allgemeine Hochschulreife
2703;4019;2;allgemeine Hochschulreife
2458;4021;3;allgemeine Hochschulreife
738;4020;2;allgemeine Hochschulreife
77;4020;2;allgemeine Hochschulreife
1573;4020;3;allgemeine Hochschulreife
1980;4020;3;allgemeine Hochschulreife
758;4020;3;allgemeine Hochschulreife
1469;4020;3;allgemeine Hochschulreife
1716;4021;2;allgemeine Hochschulreife
231;4021;3;allgemeine Hochschulreife
1863;4021;1;allgemeine Hochschulreife
216;4021;2;allgemeine Hochschulreife
1263;4021;2;allgemeine Hochschulreife
139;4021;2;allgemeine Hochschulreife
728;4024;2;allgemeine Hochschulreife
2081;4023;3;allgemeine Hochschulreife
354;4023;2;allgemeine Hochschulreife
1150;4023;3;allgemeine Hochschulreife
2724;4023;2;allgemeine Hochschulreife
385;4023;2;allgemeine Hochschulreife
350;4023;2;allgemeine Hochschulreife
2680;4023;3;allgemeine Hochschulreife
1986;4023;2;allgemeine Hochschulreife
1138;4024;3;allgemeine Hochschulreife
1422;4024;2;allgemeine Hochschulreife
1306;4024;3;allgemeine Hochschulreife
1010;4024;3;allgemeine Hochschulreife
2597;4024;3;allgemeine Hochschulreife
1589;4024;3;allgemeine Hochschulreife
836;4024;2;allgemeine Hochschulreife
2574;4025;2;allgemeine Hochschulreife
1162;4025;2;allgemeine Hochschulreife
2277;4025;3;allgemeine Hochschulreife
579;4025;3;allgemeine Hochschulreife
1957;4025;3;allgemeine Hochschulreife
2461;4027;3;allgemeine Hochschulreife
1088;4027;2;allgemeine Hochschulreife
218;4027;2;allgemeine Hochschulreife
28;4027;1;allgemeine Hochschulreife
2013;4027;2;allgemeine Hochschulreife
591;4027;2;allgemeine Hochschulreife
132;4024;2;allgemeine Hochschulreife
1655;4024;2;allgemeine Hochschulreife
81;4024;2;allgemeine Hochschulreife
1569;4027;2;allgemeine Hochschulreife
2141;4027;4;allgemeine Hochschulreife
2215;4027;2;allgemeine Hochschulreife
1977;4027;3;allgemeine Hochschulreife
2228;4027;2;allgemeine Hochschulreife
2367;4027;2;allgemeine Hochschulreife
2296;4028;4;allgemeine Hochschulreife
2625;4028;3;allgemeine Hochschulreife
118;4028;2;allgemeine Hochschulreife
1509;4029;2;allgemeine Hochschulreife
305;4029;2;allgemeine Hochschulreife
491;4029;1;allgemeine Hochschulreife
633;4029;3;allgemeine Hochschulreife
2110;4029;2;allgemeine Hochschulreife
1441;4030;1;Fachhochschulreife
2381;4030;2;allgemeine Hochschulreife
1303;4030;1;allgemeine Hochschulreife
1675;4030;3;allgemeine Hochschulreife
2264;4030;3;allgemeine Hochschulreife
148;4031;2;allgemeine Hochschulreife
1616;4033;2;allgemeine Hochschulreife
1953;4034;2;allgemeine Hochschulreife
280;4034;3;allgemeine Hochschulreife
2237;4034;3;allgemeine Hochschulreife
1596;4031;2;allgemeine Hochschulreife
54;4031;2;allgemeine Hochschulreife
2695;4032;3;allgemeine Hochschulreife
1477;4032;3;allgemeine Hochschulreife
1565;4032;3;allgemeine Hochschulreife
1203;4032;3;allgemeine Hochschulreife
777;4032;2;allgemeine Hochschulreife
2072;4032;3;allgemeine Hochschulreife
1055;4032;3;allgemeine Hochschulreife
2424;4032;;Studiengenehmigung (ohne Hochschulreife)
698;4036;3;allgemeine Hochschulreife
660;4036;3;allgemeine Hochschulreife
2132;4036;3;allgemeine Hochschulreife
593;4036;2;allgemeine Hochschulreife
1586;4036;3;allgemeine Hochschulreife
2463;4036;2;allgemeine Hochschulreife
1466;4036;3;allgemeine Hochschulreife
356;4036;4;allgemeine Hochschulreife
82;4036;3;allgemeine Hochschulreife
1928;4035;2;allgemeine Hochschulreife
769;4035;2;allgemeine Hochschulreife
2119;4035;2;allgemeine Hochschulreife
878;4035;3;allgemeine Hochschulreife
2603;4035;2;allgemeine Hochschulreife
2355;4037;2;allgemeine Hochschulreife
2340;4033;3;allgemeine Hochschulreife
197;4033;1;allgemeine Hochschulreife
1729;4033;2;allgemeine Hochschulreife
889;4033;2;allgemeine Hochschulreife
1370;4033;3;allgemeine Hochschulreife
2546;4033;3;allgemeine Hochschulreife
2604;4033;3;allgemeine Hochschulreife
1387;4031;3;allgemeine Hochschulreife
2047;4031;4;allgemeine Hochschulreife
885;4031;3;allgemeine Hochschulreife
2723;4011;2;allgemeine Hochschulreife
2741;4011;3;allgemeine Hochschulreife
119;4011;4;allgemeine Hochschulreife
2500;4011;3;allgemeine Hochschulreife
1774;4035;2;allgemeine Hochschulreife
2623;4011;;allgemeine Hochschulreife
272;4012;3;allgemeine Hochschulreife
269;4012;3;allgemeine Hochschulreife
2652;4012;3;allgemeine Hochschulreife
570;4012;2;allgemeine Hochschulreife
1039;4012;3;allgemeine Hochschulreife
2612;4012;3;allgemeine Hochschulreife
388;4012;3;allgemeine Hochschulreife
624;4012;3;allgemeine Hochschulreife
424;4012;;Studiengenehmigung (ohne Hochschulreife)
329;4012;3;allgemeine Hochschulreife
2505;4014;4;allgemeine Hochschulreife
2503;4014;2;allgemeine Hochschulreife
866;4015;3;allgemeine Hochschulreife
190;4015;3;allgemeine Hochschulreife
1003;4015;3;allgemeine Hochschulreife
2327;4015;2;allgemeine Hochschulreife
1914;4020;3;allgemeine Hochschulreife
941;4015;2;allgemeine Hochschulreife
842;4015;3;allgemeine Hochschulreife
586;4015;2;allgemeine Hochschulreife
1837;4015;3;allgemeine Hochschulreife
780;4015;2;allgemeine Hochschulreife
2491;4015;2;allgemeine Hochschulreife
1866;4015;2;allgemeine Hochschulreife
1425;4015;3;allgemeine Hochschulreife
1688;4014;3;Fachhochschulreife
882;4014;3;allgemeine Hochschulreife
1076;4015;3;allgemeine Hochschulreife
1835;4015;2;allgemeine Hochschulreife
1507;4015;3;allgemeine Hochschulreife
2544;4015;2;allgemeine Hochschulreife
2647;4017;3;allgemeine Hochschulreife
2554;4017;3;allgemeine Hochschulreife
2379;4017;3;allgemeine Hochschulreife
1231;4017;2;allgemeine Hochschulreife
1897;4018;2;allgemeine Hochschulreife
1078;4018;3;allgemeine Hochschulreife
1457;4018;3;allgemeine Hochschulreife
2430;4018;3;allgemeine Hochschulreife
221;4018;3;allgemeine Hochschulreife
47;4018;3;allgemeine Hochschulreife
2140;4018;3;allgemeine Hochschulreife
2298;4018;3;allgemeine Hochschulreife
2180;4019;2;allgemeine Hochschulreife
2254;4019;3;allgemeine Hochschulreife
312;4019;3;allgemeine Hochschulreife
847;4019;2;allgemeine Hochschulreife
939;4019;1;allgemeine Hochschulreife
2696;4019;3;allgemeine Hochschulreife
947;4019;2;allgemeine Hochschulreife
2706;4019;;allgemeine Hochschulreife
1363;4019;2;allgemeine Hochschulreife
421;4023;2;allgemeine Hochschulreife
2107;4019;2;allgemeine Hochschulreife
1311;4019;2;allgemeine Hochschulreife
2437;4020;3;allgemeine Hochschulreife
1036;4020;3;allgemeine Hochschulreife
2670;4021;2;allgemeine Hochschulreife
1166;4021;2;allgemeine Hochschulreife
2454;4021;3;allgemeine Hochschulreife
923;4021;2;allgemeine Hochschulreife
412;4021;2;allgemeine Hochschulreife
883;4021;2;allgemeine Hochschulreife
1204;4021;3;allgemeine Hochschulreife
1613;4021;3;allgemeine Hochschulreife
2123;4021;4;allgemeine Hochschulreife
1917;4021;2;allgemeine Hochschulreife
530;4022;2;allgemeine Hochschulreife
843;4022;3;allgemeine Hochschulreife
1171;4022;4;allgemeine Hochschulreife
1933;4022;2;allgemeine Hochschulreife
2096;4022;3;allgemeine Hochschulreife
2059;4022;3;allgemeine Hochschulreife
430;4022;3;allgemeine Hochschulreife
1381;4022;3;allgemeine Hochschulreife
2570;4022;3;allgemeine Hochschulreife
1431;4022;3;allgemeine Hochschulreife
2250;4022;3;allgemeine Hochschulreife
1712;4022;1;allgemeine Hochschulreife
1849;4022;2;allgemeine Hochschulreife
1358;4022;3;allgemeine Hochschulreife
1460;4022;2;allgemeine Hochschulreife
2523;4022;4;allgemeine Hochschulreife
1851;4022;3;allgemeine Hochschulreife
1153;4022;3;allgemeine Hochschulreife
122;4022;2;allgemeine Hochschulreife
2326;4023;2;allgemeine Hochschulreife
1819;4023;2;allgemeine Hochschulreife
1713;4023;2;allgemeine Hochschulreife
91;4027;;allgemeine Hochschulreife
2609;4027;2;allgemeine Hochschulreife
1968;4027;2;allgemeine Hochschulreife
1322;4027;2;allgemeine Hochschulreife
403;4027;2;allgemeine Hochschulreife
2552;4027;3;allgemeine Hochschulreife
817;4027;2;allgemeine Hochschulreife
2131;4024;3;allgemeine Hochschulreife
1384;4024;3;allgemeine Hochschulreife
615;4024;3;allgemeine Hochschulreife
2637;4024;2;allgemeine Hochschulreife
38;4024;2;allgemeine Hochschulreife
1364;4030;3;allgemeine Hochschulreife
751;4025;2;allgemeine Hochschulreife
113;4025;2;allgemeine Hochschulreife
178;4025;2;allgemeine Hochschulreife
1243;4027;3;allgemeine Hochschulreife
257;4025;2;allgemeine Hochschulreife
254;4025;2;allgemeine Hochschulreife
1155;4025;2;Fachhochschulreife
811;4025;2;allgemeine Hochschulreife
2063;4025;3;allgemeine Hochschulreife
463;4025;2;allgemeine Hochschulreife
83;4026;2;allgemeine Hochschulreife
673;4026;3;allgemeine Hochschulreife
1536;4026;4;allgemeine Hochschulreife
2220;4026;0;Studiengenehmigung (ohne Hochschulreife)
26;4026;3;allgemeine Hochschulreife
1159;4031;2;allgemeine Hochschulreife
2294;4026;2;allgemeine Hochschulreife
2486;4026;2;allgemeine Hochschulreife
2502;4026;3;allgemeine Hochschulreife
2271;4026;2;allgemeine Hochschulreife
2435;4026;2;allgemeine Hochschulreife
2274;4026;4;allgemeine Hochschulreife
1235;4026;2;allgemeine Hochschulreife
2497;4029;3;allgemeine Hochschulreife
1446;4027;3;allgemeine Hochschulreife
2681;4027;3;allgemeine Hochschulreife
2007;4027;2;allgemeine Hochschulreife
1705;4030;3;allgemeine Hochschulreife
2464;4028;2;allgemeine Hochschulreife
52;4028;3;allgemeine Hochschulreife
431;4028;3;allgemeine Hochschulreife
425;4029;2;allgemeine Hochschulreife
243;4029;2;allgemeine Hochschulreife
36;4029;2;allgemeine Hochschulreife
35;4029;2;allgemeine Hochschulreife
384;4030;2;allgemeine Hochschulreife
1059;4029;3;allgemeine Hochschulreife
773;4030;3;allgemeine Hochschulreife
1978;4029;3;allgemeine Hochschulreife
1870;4029;3;allgemeine Hochschulreife
981;4029;2;allgemeine Hochschulreife
1799;4029;2;allgemeine Hochschulreife
663;4030;2;allgemeine Hochschulreife
1769;4030;2;allgemeine Hochschulreife
2225;4030;2;allgemeine Hochschulreife
434;4030;0;Studiengenehmigung (ohne Hochschulreife)
1796;4030;3;allgemeine Hochschulreife
2087;4031;2;allgemeine Hochschulreife
1262;4031;3;allgemeine Hochschulreife
1813;4028;3;allgemeine Hochschulreife
1920;4028;2;allgemeine Hochschulreife
2282;4028;3;allgemeine Hochschulreife
2137;4028;3;allgemeine Hochschulreife
1673;4028;3;allgemeine Hochschulreife
641;4028;2;allgemeine Hochschulreife
2414;4028;3;allgemeine Hochschulreife
565;4028;3;allgemeine Hochschulreife
1801;4028;3;allgemeine Hochschulreife
5;4028;3;allgemeine Hochschulreife
809;4028;4;allgemeine Hochschulreife
1310;4028;3;allgemeine Hochschulreife
722;4028;;Studiengenehmigung (ohne Hochschulreife)
367;4028;;allgemeine Hochschulreife
622;4028;3;allgemeine Hochschulreife
286;4028;3;allgemeine Hochschulreife
2354;4034;4;allgemeine Hochschulreife
1064;4034;3;allgemeine Hochschulreife
499;4034;2;allgemeine Hochschulreife
998;4034;2;allgemeine Hochschulreife
2627;4034;2;allgemeine Hochschulreife
2124;4032;2;allgemeine Hochschulreife
589;4032;3;allgemeine Hochschulreife
1701;4032;3;allgemeine Hochschulreife
1440;4032;2;allgemeine Hochschulreife
2725;4032;3;allgemeine Hochschulreife
1999;4032;3;allgemeine Hochschulreife
2;4034;3;allgemeine Hochschulreife
1137;4036;2;allgemeine Hochschulreife
729;4036;3;allgemeine Hochschulreife
1601;4036;3;allgemeine Hochschulreife
861;4036;3;allgemeine Hochschulreife
291;4036;3;allgemeine Hochschulreife
123;4036;2;allgemeine Hochschulreife
1972;4036;1;Fachhochschulreife
1678;4035;2;allgemeine Hochschulreife
940;4035;1;allgemeine Hochschulreife
1803;4036;2;allgemeine Hochschulreife
1956;4033;1;allgemeine Hochschulreife
1427;4033;2;allgemeine Hochschulreife
133;4033;2;allgemeine Hochschulreife
598;4033;2;allgemeine Hochschulreife
372;4033;2;allgemeine Hochschulreife
512;4033;2;allgemeine Hochschulreife
1105;4033;2;allgemeine Hochschulreife
2281;4033;2;allgemeine Hochschulreife
1058;4033;3;Fachhochschulreife
1768;4033;2;allgemeine Hochschulreife
2134;4033;3;allgemeine Hochschulreife
1373;4033;2;allgemeine Hochschulreife